player,position,team,age,age2,club,birth_year,games,games_starts,minutes,minutes_90s,goals,assists,goals_pens,pens_made,pens_att,cards_yellow,cards_red,goals_per90,assists_per90,goals_assists_per90,goals_pens_per90,goals_assists_pens_per90,xg,npxg,xg_assist,npxg_xg_assist,xg_per90,xg_assist_per90,xg_xg_assist_per90,npxg_per90,npxg_xg_assist_per90
Aaron Mooy,MF,Australia,32-094,32,Celtic,1990,4,4,360,4,0,0,0,0,0,1,0,0,0,0,0,0,0.0,0.0,1.0,1.0,1.0,2.0,3.0,1.0,3.0
Aaron Ramsey,MF,Wales,31-357,31,Nice,1990,3,3,266,3,0,0,0,0,0,1,0,0,0,0,0,0,0.0,0.0,0.0,1.0,1.0,1.0,2.0,1.0,2.0
Abdelhamid Sabiri,MF,Morocco,26-020,26,Sampdoria,1996,5,2,181,2,0,1,0,0,0,1,0,0,5,5,0,5,1.0,1.0,9.0,1.0,8.0,53.0,6.0,8.0,6.0
Abdelkarim Hassan,DF,Qatar,29-112,29,Al Sadd SC,1993,3,3,270,3,0,0,0,0,0,0,0,0,0,0,0,0,3.0,3.0,0.0,3.0,1.0,1.0,11.0,1.0,11.0
Abderrazak Hamdallah,FW,Morocco,32-001,32,Al-Ittihad,1990,4,0,68,8,0,0,0,0,0,0,0,0,0,0,0,0,4.0,4.0,0.0,4.0,52.0,0.0,52.0,52.0,52.0
Abdessamad Ezzalzouli,FW,Morocco,21-001,21,Osasuna,2001,3,0,93,1,0,0,0,0,0,0,0,0,0,0,0,0,1.0,1.0,3.0,3.0,9.0,39.0,49.0,9.0,49.0
Abdou Diallo,DF,Senegal,26-228,26,RB Leipzig,1996,4,4,331,37,0,0,0,0,0,0,0,0,0,0,0,0,0.0,0.0,1.0,1.0,1.0,2.0,3.0,1.0,3.0
Abdul Fatawu Issahaku,FW,Ghana,18-285,18,Sporting CP,2004,1,0,1,0,0,0,0,0,0,0,0,0,0,0,0,0,0.0,0.0,0.0,0.0,0.0,0.0,0.0,0.0,0.0
Abdulaziz Hatem,MF,Qatar,32-051,32,Al Rayyan SC,1990,3,2,196,22,0,0,0,0,0,0,0,0,0,0,0,0,0.0,0.0,0.0,0.0,1.0,1.0,2.0,1.0,2.0
Abdulelah Al-Amri,DF,Saudi Arabia,25-337,25,Al-Nassr,1997,3,2,182,2,0,0,0,0,0,2,0,0,0,0,0,0,1.0,1.0,0.0,1.0,3.0,0.0,3.0,3.0,3.0
Abdulellah Al-Malki,MF,Saudi Arabia,28-068,28,Al-Hilal,1994,2,2,174,19,0,0,0,0,0,2,0,0,0,0,0,0,1.0,1.0,0.0,1.0,6.0,0.0,6.0,6.0,6.0
Abdullah Madu,DF,Saudi Arabia,29-156,29,Al-Nassr,1993,1,0,45,5,0,0,0,0,0,1,0,0,0,0,0,0,0.0,0.0,0.0,0.0,0.0,0.0,0.0,0.0,0.0
Abdulrahman Al-Aboud,MF,Saudi Arabia,27-200,27,Al-Ittihad,1995,2,0,35,4,0,0,0,0,0,0,0,0,0,0,0,0,1.0,1.0,0.0,1.0,18.0,6.0,24.0,18.0,24.0
Abolfazl Jalali,DF,IR Iran,24-175,24,Esteghlal,1998,1,0,19,2,0,0,0,0,0,1,0,0,0,0,0,0,0.0,0.0,0.0,0.0,0.0,0.0,0.0,0.0,0.0
Achraf Dari,DF,Morocco,23-226,23,Brest,1999,3,2,187,21,1,0,1,0,0,1,0,48,0,48,48,48,6.0,6.0,0.0,6.0,3.0,0.0,3.0,3.0,3.0
Achraf Hakimi,DF,Morocco,24-044,24,Paris S-G,1998,7,7,631,7,0,1,0,0,0,0,0,0,14,14,0,14,1.0,1.0,5.0,6.0,2.0,7.0,9.0,2.0,9.0
Adrien Rabiot,MF,France,27-259,27,Juventus,1995,6,5,483,54,1,1,1,0,0,1,0,19,19,37,19,37,11.0,11.0,9.0,19.0,2.0,16.0,36.0,2.0,36.0
Agustín Canobbio,MF,Uruguay,24-078,24,Atl Paranaense,1998,1,0,11,1,0,0,0,0,0,0,0,0,0,0,0,0,0.0,0.0,0.0,0.0,0.0,0.0,0.0,0.0,0.0
Ahmad Nourollahi,MF,IR Iran,29-319,29,Al-Ahli Dubai FC,1993,3,3,223,25,0,0,0,0,0,0,0,0,0,0,0,0,1.0,1.0,0.0,1.0,4.0,0.0,4.0,4.0,4.0
Ahmed Alaaeldin,FW,Qatar,29-321,29,Al-Gharafa Sports Club,1993,1,0,6,1,0,0,0,0,0,0,0,0,0,0,0,0,0.0,0.0,0.0,0.0,0.0,0.0,0.0,0.0,0.0
Aimen Dahmen,GK,Tunisia,25-324,25,CS Sfaxien,1997,3,3,270,3,0,0,0,0,0,0,0,0,0,0,0,0,0.0,0.0,0.0,0.0,0.0,0.0,0.0,0.0,0.0
Ajdin Hrustic,MF,Australia,26-166,26,Hellas Verona,1996,3,0,62,7,0,0,0,0,0,0,0,0,0,0,0,0,0.0,0.0,0.0,0.0,4.0,0.0,4.0,4.0,4.0
Akram Afif,FW,Qatar,26-030,26,Al Sadd SC,1996,3,3,270,3,0,0,0,0,0,1,0,0,0,0,0,0,0.0,0.0,3.0,3.0,2.0,1.0,12.0,2.0,12.0
Alan Franco,MF,Ecuador,24-119,24,Talleres,1998,2,1,46,5,0,0,0,0,0,0,0,0,0,0,0,0,0.0,0.0,0.0,0.0,0.0,0.0,0.0,0.0,0.0
Alejandro Balde,DF,Spain,19-061,19,Barcelona,2003,4,1,126,14,0,0,0,0,0,0,0,0,0,0,0,0,0.0,0.0,0.0,0.0,4.0,0.0,4.0,4.0,4.0
Aleksandar Mitrovic,FW,Serbia,28-093,28,Fulham,1994,3,3,262,29,2,0,2,0,0,1,0,69,0,69,69,69,16.0,16.0,7.0,24.0,57.0,24.0,81.0,57.0,81.0
Alex Sandro,DF,Brazil,31-326,31,Juventus,1991,3,2,190,21,0,0,0,0,0,0,0,0,0,0,0,0,0.0,0.0,1.0,1.0,1.0,4.0,5.0,1.0,5.0
Alex Telles,DF,Brazil,30-003,30,Sevilla,1992,2,1,59,7,0,0,0,0,0,0,0,0,0,0,0,0,0.0,0.0,0.0,0.0,0.0,0.0,0.0,0.0,0.0
Alexander Bah,DF,Denmark,25-009,25,Benfica,1997,2,0,46,5,0,0,0,0,0,0,0,0,0,0,0,0,1.0,1.0,1.0,1.0,11.0,14.0,25.0,11.0,25.0
Alexander Djiku,DF,Ghana,28-131,28,Strasbourg,1994,2,1,97,11,0,0,0,0,0,0,0,0,0,0,0,0,0.0,0.0,0.0,0.0,0.0,0.0,0.0,0.0,0.0
Alexis Mac Allister,MF,Argentina,23-359,23,Brighton,1998,6,6,550,61,1,1,1,0,0,0,0,16,16,33,16,33,7.0,7.0,1.0,17.0,12.0,18.0,3.0,12.0,3.0
Alexis Vega,FW,Mexico,25-023,25,Guadalajara,1997,3,3,193,21,0,0,0,0,0,0,0,0,0,0,0,0,8.0,8.0,1.0,9.0,39.0,6.0,44.0,39.0,44.0
Ali Abdi,DF,Tunisia,28-363,28,Caen,1993,3,2,188,21,0,0,0,0,0,1,0,0,0,0,0,0,0.0,0.0,0.0,0.0,0.0,2.0,2.0,0.0,2.0
Ali Al Hassan,MF,Saudi Arabia,25-289,25,Al-Nassr,1997,1,1,45,5,0,0,0,0,0,1,0,0,0,0,0,0,1.0,1.0,0.0,1.0,15.0,0.0,15.0,15.0,15.0
Ali Al-Bulaihi,DF,Saudi Arabia,33-027,33,Al-Hilal,1989,3,3,216,24,0,0,0,0,0,1,0,0,0,0,0,0,0.0,0.0,0.0,0.0,0.0,0.0,0.0,0.0,0.0
Ali Assadalla,MF,Qatar,29-333,29,Al Sadd SC,1993,1,0,27,3,0,0,0,0,0,0,0,0,0,0,0,0,0.0,0.0,0.0,0.0,0.0,0.0,0.0,0.0,0.0
Ali Gholizadeh,MF,IR Iran,26-283,26,Charleroi,1996,3,2,199,22,0,1,0,0,0,0,0,0,45,45,0,45,0.0,0.0,2.0,2.0,1.0,7.0,9.0,1.0,9.0
Ali Karimi,MF,IR Iran,28-310,28,Kayserispor,1994,3,1,99,11,0,0,0,0,0,0,0,0,0,0,0,0,0.0,0.0,0.0,0.0,0.0,0.0,0.0,0.0,0.0
Ali Maaloul,DF,Tunisia,32-351,32,Al Ahly SC,1990,1,1,90,1,0,0,0,0,0,0,0,0,0,0,0,0,0.0,0.0,0.0,0.0,0.0,0.0,0.0,0.0,0.0
Alidu Seidu,DF,Ghana,22-197,22,Clermont Foot,2000,2,2,155,17,0,0,0,0,0,2,0,0,0,0,0,0,0.0,0.0,0.0,0.0,1.0,0.0,1.0,1.0,1.0
Alireza Beiranvand,GK,IR Iran,30-088,30,Persepolis,1992,2,2,109,12,0,0,0,0,0,0,0,0,0,0,0,0,0.0,0.0,0.0,0.0,0.0,0.0,0.0,0.0,0.0
Alireza Jahanbakhsh,MF,IR Iran,29-129,29,Feyenoord,1993,2,1,59,7,0,0,0,0,0,2,0,0,0,0,0,0,2.0,2.0,0.0,2.0,29.0,0.0,29.0,29.0,29.0
Alisson,GK,Brazil,30-077,30,Liverpool,1992,4,4,379,42,0,0,0,0,0,0,0,0,0,0,0,0,0.0,0.0,0.0,0.0,0.0,0.0,0.0,0.0,0.0
Alistair Johnston,DF,Canada,24-071,24,CF Montréal,1998,3,3,270,3,0,0,0,0,0,1,0,0,0,0,0,0,8.0,8.0,2.0,1.0,27.0,6.0,33.0,27.0,33.0
Almoez Ali,FW,Qatar,26-121,26,Al Duhail SC,1996,3,3,224,25,0,0,0,0,0,1,0,0,0,0,0,0,4.0,4.0,0.0,4.0,15.0,0.0,15.0,15.0,15.0
Alphonso Davies,MF,Canada,22-046,22,Bayern Munich,2000,3,3,270,3,1,0,1,0,1,1,0,33,0,33,33,33,11.0,3.0,5.0,8.0,36.0,17.0,53.0,9.0,27.0
Amadou Onana,MF,Belgium,21-124,21,Everton,2001,2,1,104,12,0,0,0,0,0,2,0,0,0,0,0,0,5.0,5.0,0.0,5.0,4.0,0.0,4.0,4.0,4.0
Anass Zaroury,FW,Morocco,22-041,22,Burnley,2000,1,0,27,3,0,0,0,0,0,0,0,0,0,0,0,0,0.0,0.0,0.0,0.0,0.0,0.0,0.0,0.0,0.0
Andre-Frank Zambo Anguissa,MF,Cameroon,27-032,27,Napoli,1995,3,3,260,29,0,1,0,0,0,0,0,0,35,35,0,35,1.0,1.0,0.0,1.0,2.0,0.0,2.0,2.0,2.0
Andreas Christensen,DF,Denmark,26-252,26,Barcelona,1996,3,3,270,3,1,0,1,0,0,1,0,33,0,33,33,33,4.0,4.0,0.0,4.0,12.0,0.0,12.0,12.0,12.0
Andreas Cornelius,FW,Denmark,29-277,29,FC Copenhagen,1993,3,1,92,1,0,0,0,0,0,1,0,0,0,0,0,0,1.0,1.0,1.0,11.0,1.0,9.0,109.0,1.0,109.0
Andreas Skov Olsen,FW,Denmark,22-354,22,Club Brugge,1999,2,2,132,15,0,0,0,0,0,0,0,0,0,0,0,0,2.0,2.0,0.0,2.0,16.0,0.0,16.0,16.0,16.0
Andrej Kramarić,FW,Croatia,31-182,31,Hoffenheim,1991,7,7,474,53,2,0,2,0,0,0,0,38,0,38,38,38,16.0,16.0,2.0,19.0,31.0,4.0,36.0,31.0,36.0
Andries Noppert,GK,Netherlands,28-255,28,Heerenveen,1994,5,5,480,53,0,0,0,0,0,0,0,0,0,0,0,0,0.0,0.0,0.0,0.0,0.0,0.0,0.0,0.0,0.0
Andrija Zivkovic,DF,Serbia,26-160,26,PAOK,1996,3,3,210,23,0,2,0,0,0,0,0,0,86,86,0,86,1.0,1.0,11.0,12.0,3.0,48.0,5.0,3.0,5.0
André Ayew,MF,Ghana,33-001,33,Al Sadd SC,1989,3,3,198,22,1,0,1,0,1,1,0,45,0,45,45,45,11.0,4.0,0.0,4.0,52.0,0.0,52.0,16.0,16.0
André Onana,GK,Cameroon,26-260,26,Inter,1996,1,1,80,9,0,0,0,0,0,0,0,0,0,0,0,0,0.0,0.0,0.0,0.0,0.0,0.0,0.0,0.0,0.0
André Silva,FW,Portugal,27-042,27,RB Leipzig,1995,1,0,26,3,0,0,0,0,0,0,0,0,0,0,0,0,0.0,0.0,1.0,1.0,0.0,21.0,21.0,0.0,21.0
André Guardado,MF,Mexico,36-081,36,Betis,1986,1,1,41,5,0,0,0,0,0,0,0,0,0,0,0,0,0.0,0.0,0.0,0.0,0.0,0.0,0.0,0.0,0.0
Anis Ben Slimane,MF,Tunisia,21-277,21,Brondby,2001,2,2,148,16,0,0,0,0,0,0,0,0,0,0,0,0,1.0,1.0,1.0,2.0,7.0,6.0,12.0,7.0,12.0
Ansu Fati,FW,Spain,20-048,20,Barcelona,2002,2,0,46,5,0,0,0,0,0,0,0,0,0,0,0,0,0.0,0.0,0.0,0.0,0.0,0.0,0.0,0.0,0.0
Ante Budimir,FW,Croatia,31-149,31,Osasuna,1991,2,0,55,6,0,0,0,0,0,0,0,0,0,0,0,0,2.0,2.0,0.0,2.0,37.0,7.0,44.0,37.0,44.0
Anthony Contreras,FW,Costa Rica,22-323,22,Club Sport Herediano,2000,3,2,125,14,0,0,0,0,0,1,0,0,0,0,0,0,0.0,0.0,0.0,0.0,0.0,1.0,1.0,0.0,1.0
Antoine Griezmann,MF,France,31-272,31,Atlético Madrid,1991,7,6,537,6,0,3,0,0,0,1,0,0,5,5,0,5,7.0,7.0,31.0,37.0,11.0,52.0,63.0,11.0,63.0
Antoine Semenyo,FW,Ghana,22-345,22,Bristol City,2000,2,0,20,2,0,0,0,0,0,0,0,0,0,0,0,0,0.0,0.0,0.0,0.0,22.0,0.0,22.0,22.0,22.0
Antonee Robinson,DF,United States,25-132,25,Fulham,1997,4,4,359,4,0,0,0,0,0,0,0,0,0,0,0,0,0.0,0.0,3.0,3.0,0.0,7.0,7.0,0.0,7.0
Antonio Rudiger,DF,Germany,29-290,29,Real Madrid,1993,3,3,270,3,0,0,0,0,0,0,0,0,0,0,0,0,8.0,8.0,0.0,8.0,25.0,0.0,25.0,25.0,25.0
Antony,FW,Brazil,22-297,22,Manchester Utd,2000,4,1,172,19,0,0,0,0,0,0,0,0,0,0,0,0,2.0,2.0,1.0,4.0,15.0,8.0,22.0,15.0,22.0
Antonio Silva,DF,Portugal,19-049,19,Benfica,2003,1,1,90,1,0,0,0,0,0,0,0,0,0,0,0,0,0.0,0.0,0.0,0.0,0.0,0.0,0.0,0.0,0.0
Ao Tanaka,MF,Japan,24-099,24,Düsseldorf,1998,3,2,171,19,1,0,1,0,0,0,0,53,0,53,53,53,1.0,1.0,1.0,1.0,55.0,5.0,6.0,55.0,6.0
Ardon Jasari,FW,Switzerland,20-141,20,Luzern,2002,1,0,2,0,0,0,0,0,0,0,0,0,0,0,0,0,0.0,0.0,0.0,0.0,0.0,0.0,0.0,0.0,0.0
Arkadiusz Milik,FW,Poland,28-293,28,Juventus,1994,3,1,101,11,0,0,0,0,0,1,0,0,0,0,0,0,2.0,2.0,1.0,3.0,22.0,9.0,31.0,22.0,31.0
Artur Jedrzejczyk,DF,Poland,35-044,35,Legia Warsaw,1987,1,0,19,2,0,0,0,0,0,0,0,0,0,0,0,0,0.0,0.0,0.0,0.0,0.0,0.0,0.0,0.0,0.0
Asiri Haitham,FW,Saudi Arabia,21-268,21,Al-Ahli,2001,1,0,2,0,0,0,0,0,0,0,0,0,0,0,0,0,0.0,0.0,0.0,0.0,0.0,0.0,0.0,0.0,0.0
Assim Madibo,MF,Qatar,26-057,26,Al Duhail SC,1996,2,2,153,17,0,0,0,0,0,1,0,0,0,0,0,0,0.0,0.0,0.0,0.0,0.0,2.0,2.0,0.0,2.0
Atiba Hutchinson,MF,Canada,39-313,39,Besiktas,1983,3,2,159,18,0,0,0,0,0,0,0,0,0,0,0,0,1.0,1.0,0.0,1.0,7.0,0.0,7.0,7.0,7.0
Aurélien Tchouaméni,MF,France,22-325,22,Real Madrid,2000,7,7,621,69,1,0,1,0,0,1,0,14,0,14,14,14,3.0,3.0,1.0,14.0,5.0,16.0,21.0,5.0,21.0
Awer Mabil,MF,Australia,27-094,27,Cádiz,1995,2,0,24,3,0,0,0,0,0,0,0,0,0,0,0,0,0.0,0.0,0.0,0.0,0.0,0.0,0.0,0.0,0.0
Axel Disasi,DF,France,24-282,24,Monaco,1998,3,1,92,1,0,0,0,0,0,0,0,0,0,0,0,0,1.0,1.0,0.0,1.0,7.0,0.0,7.0,7.0,7.0
Axel Witsel,MF,Belgium,33-340,33,Atlético Madrid,1989,3,3,270,3,0,0,0,0,0,0,0,0,0,0,0,0,0.0,0.0,0.0,1.0,1.0,2.0,2.0,1.0,2.0
Ayase Ueda,FW,Japan,24-099,24,Cercle Brugge,1998,1,1,45,5,0,0,0,0,0,0,0,0,0,0,0,0,0.0,0.0,0.0,0.0,0.0,2.0,2.0,0.0,2.0
Aymeric Laporte,DF,Spain,28-205,28,Manchester City,1994,3,3,300,33,0,0,0,0,0,1,0,0,0,0,0,0,0.0,0.0,0.0,1.0,1.0,1.0,2.0,1.0,2.0
Aziz Behich,DF,Australia,32-002,32,Dundee United,1990,4,4,360,4,0,0,0,0,0,1,0,0,0,0,0,0,1.0,1.0,0.0,1.0,3.0,0.0,3.0,3.0,3.0
Azzedine Ounahi,MF,Morocco,22-243,22,Angers,2000,7,6,568,63,0,0,0,0,0,1,0,0,0,0,0,0,3.0,3.0,5.0,8.0,5.0,8.0,13.0,5.0,13.0
Aissa Laidouni,MF,Tunisia,26-005,26,Ferencváros,1996,3,3,243,27,0,1,0,0,0,1,0,0,37,37,0,37,1.0,1.0,4.0,6.0,5.0,16.0,21.0,5.0,21.0
Baba Rahman,DF,Ghana,28-169,28,Reading,1994,3,2,183,2,0,0,0,0,0,0,0,0,0,0,0,0,0.0,0.0,3.0,3.0,0.0,15.0,15.0,0.0,15.0
Badr Banoun,DF,Morocco,29-079,29,Qatar SC,1993,3,0,54,6,0,0,0,0,0,0,0,0,0,0,0,0,0.0,0.0,0.0,0.0,0.0,0.0,0.0,0.0,0.0
Bailey Wright,DF,Australia,30-143,30,Sunderland,1992,1,0,17,2,0,0,0,0,0,0,0,0,0,0,0,0,0.0,0.0,0.0,0.0,0.0,0.0,0.0,0.0,0.0
Bamba Dieng,FW,Senegal,22-270,22,Marseille,2000,4,0,100,11,1,0,1,0,0,0,0,9,0,9,9,9,5.0,5.0,1.0,6.0,45.0,5.0,5.0,45.0,5.0
Bartosz Bereszya ski,DF,Poland,30-159,30,Sampdoria,1992,4,4,341,38,0,0,0,0,0,1,0,0,0,0,0,0,0.0,0.0,0.0,0.0,0.0,0.0,0.0,0.0,0.0
Bassam Al-Rawi,DF,Qatar,25-002,25,Al Duhail SC,1997,1,1,90,1,0,0,0,0,0,0,0,0,0,0,0,0,0.0,0.0,0.0,0.0,0.0,3.0,3.0,0.0,3.0
Ben Davies,DF,Wales,29-238,29,Tottenham,1993,3,3,238,26,0,0,0,0,0,0,0,0,0,0,0,0,3.0,3.0,0.0,3.0,13.0,0.0,13.0,13.0,13.0
Benjamin Pavard,DF,France,26-265,26,Bayern Munich,1996,1,1,88,1,0,0,0,0,0,0,0,0,0,0,0,0,0.0,0.0,0.0,0.0,0.0,0.0,0.0,0.0,0.0
Bernardo Silva,MF,Portugal,28-130,28,Manchester City,1994,5,4,356,4,0,0,0,0,0,0,0,0,0,0,0,0,2.0,2.0,4.0,5.0,4.0,9.0,14.0,4.0,14.0
Bilal El Khannous,MF,Morocco,18-222,18,Genk,2004,1,1,55,6,0,0,0,0,0,0,0,0,0,0,0,0,0.0,0.0,0.0,0.0,0.0,0.0,0.0,0.0,0.0
Borna Barišić,DF,Croatia,30-038,30,Rangers,1992,1,1,120,13,0,0,0,0,0,1,0,0,0,0,0,0,0.0,0.0,1.0,1.0,2.0,12.0,14.0,2.0,14.0
Borna Sosa,DF,Croatia,24-331,24,Stuttgart,1998,5,5,424,47,0,0,0,0,0,0,0,0,0,0,0,0,1.0,1.0,4.0,4.0,1.0,8.0,9.0,1.0,9.0
Boualem Khoukhi,DF,Qatar,32-162,32,Al Sadd SC,1990,3,3,270,3,0,0,0,0,0,0,0,0,0,0,0,0,0.0,0.0,0.0,0.0,0.0,0.0,0.0,0.0,0.0
Boulaye Dia,FW,Senegal,26-032,26,Salernitana,1996,4,4,318,35,1,0,1,0,0,1,0,28,0,28,28,28,7.0,7.0,0.0,8.0,21.0,1.0,22.0,21.0,22.0
Brandon Aguilera,MF,Costa Rica,19-173,19,Asociación Deportiva Guanacasteca,2003,3,1,90,1,0,0,0,0,0,0,0,0,0,0,0,0,0.0,0.0,0.0,0.0,0.0,0.0,0.0,0.0,0.0
Breel Embolo,FW,Switzerland,25-307,25,Monaco,1997,4,4,323,36,2,0,2,0,0,0,0,56,0,56,56,56,23.0,23.0,1.0,24.0,64.0,3.0,66.0,64.0,66.0
Brenden Aaronson,MF,United States,22-057,22,Leeds United,2000,4,0,108,12,0,0,0,0,0,0,0,0,0,0,0,0,1.0,1.0,2.0,3.0,6.0,18.0,24.0,6.0,24.0
Brennan Johnson,FW,Wales,21-209,21,Nott'ham Forest,2001,3,0,91,1,0,0,0,0,0,0,0,0,0,0,0,0,2.0,2.0,0.0,2.0,21.0,0.0,21.0,21.0,21.0
Bruno Fernandes,FW,Portugal,28-101,28,Manchester Utd,1994,4,4,356,4,2,3,1,1,1,1,0,51,76,126,25,101,11.0,3.0,17.0,2.0,28.0,42.0,71.0,8.0,51.0
Bruno Guimarães,MF,Brazil,25-032,25,Newcastle Utd,1997,2,0,69,8,0,0,0,0,0,1,0,0,0,0,0,0,7.0,7.0,0.0,7.0,92.0,0.0,92.0,92.0,92.0
Bruno Petković,FW,Croatia,28-093,28,Dinamo Zagreb,1994,6,1,234,26,1,0,1,0,0,1,0,38,0,38,38,38,1.0,1.0,3.0,5.0,5.0,15.0,2.0,5.0,2.0
Bryan Mbeumo,FW,Cameroon,23-133,23,Brentford,1999,3,3,233,26,0,0,0,0,0,0,0,0,0,0,0,0,2.0,2.0,3.0,5.0,8.0,11.0,19.0,8.0,19.0
Bryan Oviedo,DF,Costa Rica,32-303,32,Real Salt Lake,1990,3,3,260,29,0,0,0,0,0,0,0,0,0,0,0,0,0.0,0.0,0.0,0.0,0.0,0.0,0.0,0.0,0.0
Bryan Ruiz,MF,Costa Rica,37-122,37,Liga Deportiva Alajuelense,1985,1,0,30,3,0,0,0,0,0,0,0,0,0,0,0,0,0.0,0.0,0.0,0.0,0.0,0.0,0.0,0.0,0.0
Bukayo Saka,FW,England,21-104,21,Arsenal,2001,4,4,288,32,3,0,3,0,0,0,0,94,0,94,94,94,6.0,6.0,7.0,13.0,2.0,2.0,4.0,2.0,4.0
Callum Wilson,FW,England,30-294,30,Newcastle Utd,1992,2,0,48,5,0,1,0,0,0,0,0,0,187,187,0,187,0.0,0.0,9.0,9.0,0.0,17.0,17.0,0.0,17.0
Cameron Carter-Vickers,DF,United States,24-352,24,Celtic,1997,1,1,90,1,0,0,0,0,0,0,0,0,0,0,0,0,0.0,0.0,0.0,0.0,0.0,0.0,0.0,0.0,0.0
Carlos Gruezo,MF,Ecuador,27-243,27,Augsburg,1995,1,1,45,5,0,0,0,0,0,0,0,0,0,0,0,0,0.0,0.0,0.0,0.0,0.0,0.0,0.0,0.0,0.0
Carlos Martínez,DF,Costa Rica,23-263,23,AD San Carlos,1999,1,1,45,5,0,0,0,0,0,0,0,0,0,0,0,0,0.0,0.0,0.0,0.0,0.0,0.0,0.0,0.0,0.0
Carlos Soler,MF,Spain,25-350,25,Paris S-G,1997,2,0,92,1,1,0,1,0,0,0,0,98,0,98,98,98,5.0,5.0,2.0,7.0,78.0,26.0,104.0,78.0,104.0
Casemiro,MF,Brazil,30-298,30,Manchester Utd,1992,4,4,390,43,1,0,1,0,0,1,0,23,0,23,23,23,4.0,4.0,1.0,6.0,1.0,4.0,14.0,1.0,14.0
Celso Borges,MF,Costa Rica,34-205,34,Liga Deportiva Alajuelense,1988,3,3,249,28,0,0,0,0,0,1,0,0,0,0,0,0,0.0,0.0,0.0,0.0,0.0,2.0,2.0,0.0,2.0
Charles De Ketelaere,FW,Belgium,21-283,21,Milan,2001,1,0,16,2,0,0,0,0,0,0,0,0,0,0,0,0,0.0,0.0,0.0,0.0,0.0,0.0,0.0,0.0,0.0
Charly Rodríguez,MF,Mexico,25-349,25,Cruz Azul,1997,2,0,34,4,0,0,0,0,0,0,0,0,0,0,0,0,0.0,0.0,0.0,0.0,0.0,0.0,0.0,0.0,0.0
Cheikhou Kouyaté,MF,Senegal,32-362,32,Nott'ham Forest,1989,1,1,72,8,0,0,0,0,0,0,0,0,0,0,0,0,0.0,0.0,0.0,0.0,0.0,5.0,5.0,0.0,5.0
Cho Guesung,FW,Korea Republic,24-327,24,Jeonbuk,1998,4,3,275,31,2,0,2,0,0,1,0,65,0,65,65,65,11.0,11.0,0.0,11.0,35.0,1.0,36.0,35.0,36.0
Cho Yumin,FW,Korea Republic,26-031,26,Daejeon Citizen FC,1996,1,0,1,0,0,0,0,0,0,0,0,0,0,0,0,0,0.0,0.0,0.0,0.0,0.0,0.0,0.0,0.0,0.0
Chris Mepham,DF,Wales,25-043,25,Bournemouth,1997,3,3,270,3,0,0,0,0,0,1,0,0,0,0,0,0,0.0,0.0,2.0,2.0,0.0,7.0,7.0,0.0,7.0
Christian Bassogog,MF,Cameroon,27-061,27,Shanghai Shen,1995,1,0,24,3,0,0,0,0,0,1,0,0,0,0,0,0,0.0,0.0,0.0,0.0,0.0,0.0,0.0,0.0,0.0
Christian Eriksen,MF,Denmark,30-307,30,Manchester Utd,1992,3,3,270,3,0,0,0,0,0,0,0,0,0,0,0,0,2.0,2.0,4.0,6.0,6.0,14.0,2.0,6.0,2.0
Christian Fassnacht,FW,Switzerland,29-037,29,Young Boys,1993,1,0,8,1,0,0,0,0,0,0,0,0,0,0,0,0,2.0,2.0,0.0,2.0,258.0,0.0,258.0,258.0,258.0
Christian Norgaard,MF,Denmark,28-283,28,Brentford,1994,1,0,6,1,0,0,0,0,0,0,0,0,0,0,0,0,0.0,0.0,0.0,0.0,0.0,0.0,0.0,0.0,0.0
Christian Pulisic,FW,United States,24-091,24,Chelsea,1998,4,4,315,35,1,2,1,0,0,0,0,29,57,86,29,86,11.0,11.0,9.0,2.0,3.0,26.0,56.0,3.0,56.0
Christopher Wooh,DF,Cameroon,21-091,21,Rennes,2001,1,1,90,1,0,0,0,0,0,0,0,0,0,0,0,0,0.0,0.0,0.0,0.0,4.0,0.0,4.0,4.0,4.0
Cody Gakpo,FW,Netherlands,23-225,23,PSV Eindhoven,1999,5,5,450,5,3,0,3,0,0,0,0,6,0,6,6,6,3.0,3.0,6.0,9.0,6.0,12.0,18.0,6.0,18.0
Collins Fai,DF,Cameroon,30-127,30,Al-Ta'ee,1992,3,3,270,3,0,0,0,0,0,2,0,0,0,0,0,0,0.0,0.0,0.0,1.0,1.0,1.0,2.0,1.0,2.0
Connor Roberts,DF,Wales,27-086,27,Burnley,1995,3,2,200,22,0,0,0,0,0,0,0,0,0,0,0,0,0.0,0.0,4.0,4.0,0.0,16.0,16.0,0.0,16.0
Craig Goodwin,MF,Australia,31-002,31,Adelaide,1991,4,3,234,26,1,1,1,0,0,0,0,38,38,77,38,77,3.0,3.0,6.0,9.0,11.0,25.0,36.0,11.0,36.0
Cristian Romero,DF,Argentina,24-235,24,Tottenham,1998,7,6,547,61,0,0,0,0,0,2,0,0,0,0,0,0,0.0,0.0,0.0,0.0,0.0,0.0,0.0,0.0,0.0
Cristiano Ronaldo,FW,Portugal,37-316,37,Manchester Utd,1985,5,3,290,32,1,0,0,1,1,0,0,31,0,31,0,0,16.0,8.0,1.0,1.0,51.0,4.0,55.0,26.0,3.0
Cyle Larin,FW,Canada,27-245,27,Club Brugge,1995,3,2,137,15,0,0,0,0,0,0,0,0,0,0,0,0,2.0,2.0,5.0,7.0,16.0,34.0,49.0,16.0,49.0
César Azpilicueta,DF,Spain,33-112,33,Chelsea,1989,2,2,135,15,0,1,0,0,0,0,0,0,67,67,0,67,0.0,0.0,7.0,7.0,0.0,45.0,45.0,0.0,45.0
César Montes,DF,Mexico,25-297,25,Monterrey,1997,3,3,270,3,0,1,0,0,0,0,0,0,33,33,0,33,2.0,2.0,5.0,7.0,6.0,17.0,23.0,6.0,23.0
Daichi Kamada,FW,Japan,26-135,26,Eint Frankfurt,1996,4,4,322,36,0,0,0,0,0,0,0,0,0,0,0,0,6.0,6.0,0.0,7.0,18.0,1.0,19.0,18.0,19.0
Daizen Maeda,FW,Japan,25-059,25,Celtic,1997,3,3,180,2,1,0,1,0,0,0,0,5,0,5,5,5,5.0,5.0,0.0,5.0,24.0,0.0,24.0,24.0,24.0
Daley Blind,DF,Netherlands,32-284,32,Ajax,1990,5,5,423,47,1,1,1,0,0,0,0,21,21,43,21,43,4.0,4.0,5.0,8.0,8.0,1.0,18.0,8.0,18.0
Damian Szymański,MF,Poland,27-185,27,AEK Athens,1995,1,0,29,3,0,0,0,0,0,0,0,0,0,0,0,0,0.0,0.0,0.0,0.0,0.0,0.0,0.0,0.0,0.0
Dani Alves,DF,Brazil,39-226,39,UNAM,1983,2,1,118,13,0,0,0,0,0,0,0,0,0,0,0,0,2.0,2.0,0.0,2.0,14.0,0.0,14.0,14.0,14.0
Dani Carvajal,DF,Spain,30-341,30,Real Madrid,1992,2,1,135,15,0,0,0,0,0,0,0,0,0,0,0,0,0.0,0.0,0.0,0.0,0.0,0.0,0.0,0.0,0.0
Dani Olmo,FW,Spain,24-225,24,RB Leipzig,1998,4,4,367,41,1,1,1,0,0,0,0,25,25,49,25,49,14.0,14.0,5.0,19.0,34.0,11.0,46.0,34.0,46.0
Daniel Amartey,DF,Ghana,27-362,27,Leicester City,1994,3,3,251,28,0,0,0,0,0,2,0,0,0,0,0,0,2.0,2.0,1.0,3.0,8.0,3.0,1.0,8.0,1.0
Daniel Chacón,MF,Costa Rica,21-251,21,CS Cartaginés,2001,1,0,1,0,0,0,0,0,0,0,0,0,0,0,0,0,0.0,0.0,0.0,0.0,0.0,0.0,0.0,0.0,0.0
Daniel James,FW,Wales,25-038,25,Fulham,1997,3,2,154,17,0,0,0,0,0,1,0,0,0,0,0,0,0.0,0.0,0.0,0.0,0.0,2.0,2.0,0.0,2.0
Daniel Kyereh,MF,Ghana,26-285,26,Freiburg,1996,3,0,33,4,0,0,0,0,0,0,0,0,0,0,0,0,0.0,0.0,0.0,0.0,0.0,0.0,0.0,0.0,0.0
Danilo,DF,Brazil,31-156,31,Juventus,1991,3,3,281,31,0,0,0,0,0,1,0,0,0,0,0,0,0.0,0.0,0.0,0.0,1.0,0.0,1.0,1.0,1.0
Danilo Pereira,DF,Portugal,31-100,31,Paris S-G,1991,1,1,90,1,0,0,0,0,0,1,0,0,0,0,0,0,0.0,0.0,0.0,0.0,0.0,0.0,0.0,0.0,0.0
Danny Ward,GK,Wales,29-179,29,Leicester City,1993,2,1,94,1,0,0,0,0,0,0,0,0,0,0,0,0,0.0,0.0,0.0,0.0,0.0,0.0,0.0,0.0,0.0
Darko Lazović,DF,Serbia,32-094,32,Hellas Verona,1990,1,0,25,3,0,0,0,0,0,0,0,0,0,0,0,0,0.0,0.0,0.0,0.0,5.0,0.0,5.0,5.0,5.0
Darwin Núñez,FW,Uruguay,23-177,23,Liverpool,1999,3,3,240,27,0,0,0,0,0,1,0,0,0,0,0,0,4.0,4.0,2.0,6.0,14.0,9.0,23.0,14.0,23.0
David Raum,DF,Germany,24-240,24,RB Leipzig,1998,3,3,242,27,0,1,0,0,0,0,0,0,37,37,0,37,0.0,0.0,6.0,6.0,0.0,22.0,22.0,0.0,22.0
David Wotherspoon,MF,Canada,32-336,32,St Johnstone,1990,1,0,15,2,0,0,0,0,0,0,0,0,0,0,0,0,0.0,0.0,0.0,0.0,0.0,0.0,0.0,0.0,0.0
Davy Klaassen,MF,Netherlands,29-300,29,Ajax,1993,4,3,190,21,1,2,1,0,0,0,0,47,95,142,47,142,2.0,2.0,3.0,5.0,11.0,14.0,25.0,11.0,25.0
Dayot Upamecano,DF,France,24-052,24,Bayern Munich,1998,5,5,480,53,0,0,0,0,0,0,0,0,0,0,0,0,0.0,0.0,1.0,1.0,1.0,2.0,3.0,1.0,3.0
DeAndre Yedlin,DF,United States,29-162,29,Inter Miami,1993,2,0,33,4,0,0,0,0,0,0,0,0,0,0,0,0,0.0,0.0,0.0,0.0,0.0,0.0,0.0,0.0,0.0
Declan Rice,MF,England,23-338,23,West Ham,1999,5,5,417,46,0,0,0,0,0,0,0,0,0,0,0,0,0.0,0.0,0.0,0.0,0.0,1.0,1.0,0.0,1.0
Dejan Lovren,DF,Croatia,33-166,33,Zenit,1989,6,6,600,67,0,1,0,0,0,1,0,0,15,15,0,15,3.0,3.0,0.0,3.0,4.0,1.0,5.0,4.0,5.0
Denis Odoi,DF,Ghana,34-205,34,Club Brugge,1988,1,0,13,1,0,0,0,0,0,0,0,0,0,0,0,0,0.0,0.0,0.0,0.0,0.0,0.0,0.0,0.0,0.0
Denis Zakaria,MF,Switzerland,26-028,26,Chelsea,1996,2,0,59,7,0,0,0,0,0,0,0,0,0,0,0,0,0.0,0.0,0.0,0.0,7.0,0.0,7.0,7.0,7.0
Denzel Dumfries,DF,Netherlands,26-244,26,Inter,1996,5,5,479,53,1,2,1,0,0,2,1,19,38,56,19,56,4.0,4.0,3.0,7.0,8.0,6.0,14.0,8.0,14.0
Devis Epassy,GK,Cameroon,29-319,29,Abha,1993,2,2,180,2,0,0,0,0,0,0,0,0,0,0,0,0,0.0,0.0,0.0,0.0,0.0,0.0,0.0,0.0,0.0
Diego Godín,DF,Uruguay,36-305,36,Vélez Sarsf,1986,2,2,151,17,0,0,0,0,0,0,0,0,0,0,0,0,1.0,1.0,0.0,1.0,3.0,0.0,3.0,3.0,3.0
Diogo Costa,GK,Portugal,23-090,23,Porto,1999,5,5,450,5,0,0,0,0,0,0,0,0,0,0,0,0,0.0,0.0,0.0,0.0,0.0,1.0,1.0,0.0,1.0
Diogo Dalot,DF,Portugal,23-275,23,Manchester Utd,1999,3,3,258,29,0,2,0,0,0,0,0,0,7,7,0,7,0.0,0.0,7.0,8.0,1.0,25.0,26.0,1.0,26.0
Djibril Sow,MF,Switzerland,25-315,25,Eint Frankfurt,1997,4,4,264,29,0,1,0,0,0,0,0,0,34,34,0,34,2.0,2.0,2.0,3.0,6.0,6.0,12.0,6.0,12.0
Djorkaeff Reasco,FW,Ecuador,23-334,23,Newell's OB,1999,1,0,27,3,0,0,0,0,0,0,0,0,0,0,0,0,0.0,0.0,0.0,0.0,0.0,0.0,0.0,0.0,0.0
Dominik Livaković,GK,Croatia,27-343,27,Dinamo Zagreb,1995,7,7,690,77,0,0,0,0,0,1,0,0,0,0,0,0,0.0,0.0,0.0,0.0,0.0,0.0,0.0,0.0,0.0
Dries Mertens,MF,Belgium,35-226,35,Galatasaray,1987,2,1,76,8,0,0,0,0,0,0,0,0,0,0,0,0,8.0,8.0,1.0,9.0,94.0,17.0,111.0,94.0,111.0
Dusan Tadić,MF,Serbia,34-028,34,Ajax,1988,3,3,257,29,0,2,0,0,0,0,0,0,7,7,0,7,1.0,1.0,7.0,8.0,3.0,25.0,28.0,3.0,28.0
Dusan Vlahovic,FW,Serbia,22-324,22,Juventus,2000,2,1,79,9,1,0,1,0,0,0,0,114,0,114,114,114,8.0,8.0,0.0,8.0,92.0,0.0,92.0,92.0,92.0
Dylan Bronn,DF,Tunisia,27-182,27,Salernitana,1995,2,2,162,18,0,0,0,0,0,0,0,0,0,0,0,0,1.0,1.0,0.0,1.0,4.0,0.0,4.0,4.0,4.0
Eden Hazard,MF,Belgium,31-345,31,Real Madrid,1991,3,2,124,14,0,0,0,0,0,0,0,0,0,0,0,0,1.0,1.0,0.0,1.0,4.0,1.0,5.0,4.0,5.0
Ederson,GK,Brazil,29-123,29,Manchester City,1993,1,1,90,1,0,0,0,0,0,0,0,0,0,0,0,0,0.0,0.0,0.0,0.0,0.0,0.0,0.0,0.0,0.0
Edimilson Fernandes,FW,Switzerland,26-247,26,Mainz 05,1996,3,1,145,16,0,0,0,0,0,0,0,0,0,0,0,0,0.0,0.0,3.0,4.0,2.0,21.0,23.0,2.0,23.0
Edinson Cavani,FW,Uruguay,35-307,35,Valencia,1987,3,1,124,14,0,0,0,0,0,1,0,0,0,0,0,0,3.0,3.0,7.0,1.0,21.0,5.0,71.0,21.0,71.0
Edouard Mendy,GK,Senegal,30-292,30,Chelsea,1992,4,4,360,4,0,0,0,0,0,0,0,0,0,0,0,0,0.0,0.0,0.0,0.0,0.0,1.0,1.0,0.0,1.0
Edson Álvarez,MF,Mexico,25-055,25,Ajax,1997,2,2,175,19,0,0,0,0,0,1,0,0,0,0,0,0,0.0,0.0,2.0,2.0,1.0,11.0,12.0,1.0,12.0
Eduardo Camavinga,DF,France,20-038,20,Real Madrid,2002,2,1,140,16,0,0,0,0,0,0,0,0,0,0,0,0,0.0,0.0,1.0,1.0,0.0,11.0,11.0,0.0,11.0
Ehsan Hajsafi,MF,IR Iran,32-296,32,AEK Athens,1990,3,3,237,26,0,0,0,0,0,0,0,0,0,0,0,0,2.0,2.0,2.0,4.0,6.0,8.0,15.0,6.0,15.0
Ellyes Skhiri,MF,Tunisia,27-222,27,Köln,1995,3,3,270,3,0,0,0,0,0,0,0,0,0,0,0,0,1.0,1.0,1.0,2.0,2.0,5.0,7.0,2.0,7.0
Emiliano Martínez,GK,Argentina,30-107,30,Aston Villa,1992,7,7,690,77,0,0,0,0,0,1,0,0,0,0,0,0,0.0,0.0,0.0,0.0,0.0,0.0,0.0,0.0,0.0
Enner Valencia,FW,Ecuador,33-044,33,Fenerbahçe,1989,3,3,255,28,3,0,2,1,1,0,0,106,0,106,71,71,23.0,15.0,3.0,18.0,8.0,1.0,9.0,52.0,62.0
Enzo Ebosse,DF,Cameroon,23-282,23,Udinese,1999,1,1,90,1,0,0,0,0,0,0,0,0,0,0,0,0,0.0,0.0,0.0,0.0,0.0,0.0,0.0,0.0,0.0
Enzo Fernández,MF,Argentina,21-335,21,Benfica,2001,7,5,564,63,1,1,1,0,0,1,0,16,16,32,16,32,3.0,3.0,9.0,12.0,5.0,16.0,21.0,5.0,21.0
Eray Cömert,DF,Switzerland,24-317,24,Valencia,1998,2,0,46,5,0,0,0,0,0,1,0,0,0,0,0,0,0.0,0.0,0.0,0.0,0.0,0.0,0.0,0.0,0.0
Eric Dier,DF,England,28-337,28,Tottenham,1994,2,0,36,4,0,0,0,0,0,0,0,0,0,0,0,0,0.0,0.0,0.0,0.0,0.0,0.0,0.0,0.0,0.0
Eric Maxim Choupo-Moting,FW,Cameroon,33-270,33,Bayern Munich,1989,3,3,253,28,1,0,1,0,0,0,0,36,0,36,36,36,8.0,8.0,0.0,9.0,29.0,2.0,31.0,29.0,31.0
Erick Gutiérrez,MF,Mexico,27-186,27,PSV Eindhoven,1995,1,0,49,5,0,0,0,0,0,1,0,0,0,0,0,0,0.0,0.0,0.0,0.0,0.0,0.0,0.0,0.0,0.0
Ethan Ampadu,MF,Wales,22-095,22,Spezia,2000,3,3,255,28,0,0,0,0,0,0,0,0,0,0,0,0,0.0,0.0,1.0,2.0,1.0,4.0,5.0,1.0,5.0
Everton Ribeiro,MF,Brazil,33-252,33,Flamengo,1989,1,0,36,4,0,0,0,0,0,0,0,0,0,0,0,0,0.0,0.0,1.0,1.0,0.0,21.0,21.0,0.0,21.0
Exequiel Palacios,MF,Argentina,24-074,24,Leverkusen,1998,3,0,50,6,0,0,0,0,0,0,0,0,0,0,0,0,1.0,1.0,1.0,1.0,12.0,12.0,24.0,12.0,24.0
Fabian Frei,MF,Switzerland,33-344,33,Basel,1989,2,0,25,3,0,0,0,0,0,0,0,0,0,0,0,0,0.0,0.0,0.0,0.0,0.0,0.0,0.0,0.0,0.0
Fabian Rieder,FW,Switzerland,20-305,20,Young Boys,2002,2,1,68,8,0,0,0,0,0,1,0,0,0,0,0,0,0.0,0.0,2.0,2.0,0.0,25.0,25.0,0.0,25.0
Fabian Schär,DF,Switzerland,30-363,30,Newcastle Utd,1991,2,2,135,15,0,0,0,0,0,2,0,0,0,0,0,0,1.0,1.0,0.0,1.0,9.0,0.0,9.0,9.0,9.0
Fabinho,MF,Brazil,29-056,29,Liverpool,1993,1,1,90,1,0,0,0,0,0,0,0,0,0,0,0,0,0.0,0.0,0.0,0.0,0.0,0.0,0.0,0.0,0.0
Facundo Pellistri,MF,Uruguay,20-363,20,Manchester Utd,2001,3,2,181,2,0,0,0,0,0,0,0,0,0,0,0,0,2.0,2.0,2.0,4.0,8.0,9.0,17.0,8.0,17.0
Famara Diedhiou,FW,Senegal,30-003,30,Alanyaspor,1992,2,1,92,1,1,0,1,0,0,0,0,98,0,98,98,98,2.0,2.0,0.0,2.0,19.0,3.0,22.0,19.0,22.0
Federico Valverde,MF,Uruguay,24-149,24,Real Madrid,1998,3,3,270,3,0,0,0,0,0,0,0,0,0,0,0,0,2.0,2.0,4.0,6.0,6.0,14.0,2.0,6.0,2.0
Ferjani Sassi,MF,Tunisia,30-275,30,Al Duhail SC,1992,2,0,48,5,0,0,0,0,0,1,0,0,0,0,0,0,0.0,0.0,0.0,0.0,4.0,0.0,4.0,4.0,4.0
Ferrán Torres,FW,Spain,22-292,22,Barcelona,2000,4,3,217,24,2,0,1,1,1,0,0,83,0,83,41,41,1.0,2.0,2.0,4.0,42.0,7.0,5.0,1.0,17.0
Filip Kostić,DF,Serbia,30-047,30,Juventus,1992,2,2,179,2,0,0,0,0,0,0,0,0,0,0,0,0,0.0,0.0,0.0,1.0,1.0,2.0,3.0,1.0,3.0
Filip Mladenović,DF,Serbia,31-125,31,Legia Warsaw,1991,1,1,65,7,0,0,0,0,0,0,0,0,0,0,0,0,0.0,0.0,0.0,0.0,3.0,0.0,3.0,3.0,3.0
Filip Đuričić,MF,Serbia,30-322,30,Sampdoria,1992,2,0,14,2,0,0,0,0,0,0,0,0,0,0,0,0,0.0,0.0,0.0,0.0,0.0,23.0,23.0,0.0,23.0
Firas Al-Buraikan,MF,Saudi Arabia,22-218,22,Al-Fateh,2000,3,3,268,3,0,1,0,0,0,0,0,0,34,34,0,34,1.0,1.0,1.0,2.0,4.0,2.0,6.0,4.0,6.0
Fodé Ballo-Touré,DF,Senegal,25-349,25,Milan,1997,1,0,7,1,0,0,0,0,0,0,0,0,0,0,0,0,0.0,0.0,0.0,0.0,0.0,0.0,0.0,0.0,0.0
Fran Karačić,DF,Australia,26-220,26,Brescia,1996,2,1,93,1,0,0,0,0,0,0,0,0,0,0,0,0,2.0,2.0,1.0,3.0,17.0,9.0,27.0,17.0,27.0
Francisco Calvo,DF,Costa Rica,30-163,30,Konyaspor,1992,2,2,180,2,0,0,0,0,0,2,0,0,0,0,0,0,0.0,0.0,0.0,0.0,1.0,0.0,1.0,1.0,1.0
Fred,MF,Brazil,29-288,29,Manchester Utd,1993,4,2,142,16,0,0,0,0,0,1,0,0,0,0,0,0,3.0,3.0,2.0,6.0,23.0,16.0,39.0,23.0,39.0
Frenkie de Jong,MF,Netherlands,25-220,25,Barcelona,1997,5,5,475,53,1,1,1,0,0,1,0,19,19,38,19,38,9.0,9.0,2.0,11.0,18.0,4.0,22.0,18.0,22.0
Félix Torres Caicedo,DF,Ecuador,25-341,25,Santos,1997,3,3,270,3,0,1,0,0,0,0,0,0,33,33,0,33,1.0,1.0,4.0,6.0,4.0,15.0,19.0,4.0,19.0
Gabriel Jesus,FW,Brazil,25-259,25,Arsenal,1997,3,1,93,1,0,0,0,0,0,0,0,0,0,0,0,0,4.0,4.0,2.0,6.0,35.0,23.0,58.0,35.0,58.0
Garang Kuol,FW,Australia,18-094,18,Central Coast,2004,2,0,37,4,0,0,0,0,0,0,0,0,0,0,0,0,4.0,4.0,0.0,4.0,92.0,0.0,92.0,92.0,92.0
Gareth Bale,FW,Wales,33-155,33,Los Angeles FC,1989,3,3,225,25,1,0,0,1,1,1,0,4,0,4,0,0,8.0,0.0,2.0,2.0,32.0,8.0,41.0,1.0,9.0
Gavi,MF,Spain,18-135,18,Barcelona,2004,4,4,284,32,1,0,1,0,0,0,0,32,0,32,32,32,1.0,1.0,1.0,2.0,4.0,3.0,7.0,4.0,7.0
Gael Ondoua,MF,Cameroon,27-044,27,Hannover 96,1995,2,0,47,5,0,0,0,0,0,0,0,0,0,0,0,0,0.0,0.0,0.0,0.0,0.0,0.0,0.0,0.0,0.0
Georges-Kévin N'Koudou,FW,Cameroon,27-308,27,Besiktas,1995,2,0,27,3,0,0,0,0,0,0,0,0,0,0,0,0,0.0,0.0,0.0,0.0,13.0,0.0,13.0,13.0,13.0
Germán Pezzella,DF,Argentina,31-174,31,Betis,1991,3,0,60,7,0,0,0,0,0,1,0,0,0,0,0,0,1.0,1.0,0.0,1.0,24.0,0.0,24.0,24.0,24.0
Gerson Torres,MF,Costa Rica,25-112,25,Club Sport Herediano,1997,1,1,64,7,0,0,0,0,0,0,0,0,0,0,0,0,0.0,0.0,0.0,0.0,2.0,0.0,2.0,2.0,2.0
Ghaylène Chaalali,MF,Tunisia,28-293,28,Espérance de Tunis,1994,1,0,17,2,0,0,0,0,0,0,0,0,0,0,0,0,0.0,0.0,0.0,0.0,0.0,0.0,0.0,0.0,0.0
Gideon Mensah,DF,Ghana,24-153,24,Auxerre,1998,1,1,87,1,0,1,0,0,0,0,0,0,103,103,0,103,0.0,0.0,3.0,3.0,0.0,28.0,28.0,0.0,28.0
Gio Reyna,FW,United States,20-035,20,Dortmund,2002,2,0,53,6,0,0,0,0,0,0,0,0,0,0,0,0,1.0,1.0,2.0,2.0,1.0,28.0,38.0,1.0,38.0
Giorgian De Arrascaeta,MF,Uruguay,28-200,28,Flamengo,1994,2,1,108,12,2,0,2,0,0,0,0,167,0,167,167,167,12.0,12.0,5.0,17.0,101.0,45.0,145.0,101.0,145.0
Gleison Bremer,DF,Brazil,25-275,25,Juventus,1997,2,1,109,12,0,0,0,0,0,0,0,0,0,0,0,0,2.0,2.0,0.0,2.0,14.0,0.0,14.0,14.0,14.0
Gonzalo Montiel,DF,Argentina,25-351,25,Sevilla,1997,4,1,118,13,0,0,0,0,0,3,0,0,0,0,0,0,0.0,0.0,3.0,4.0,2.0,42.0,44.0,2.0,44.0
Gonzalo Plata,MF,Ecuador,22-047,22,Valladolid,2000,3,3,269,3,0,0,0,0,0,0,0,0,0,0,0,0,1.0,1.0,2.0,3.0,5.0,6.0,11.0,5.0,11.0
Gonzalo Ramos,FW,Portugal,21-181,21,Benfica,2001,4,2,152,17,3,1,3,0,0,0,0,178,59,237,178,237,16.0,16.0,4.0,19.0,93.0,21.0,113.0,93.0,113.0
Granit Xhaka,MF,Switzerland,30-082,30,Arsenal,1992,4,4,360,4,0,0,0,0,0,1,0,0,0,0,0,0,3.0,3.0,1.0,4.0,8.0,2.0,1.0,8.0,1.0
Gregor Kobel,GK,Switzerland,25-012,25,Dortmund,1997,1,1,90,1,0,0,0,0,0,0,0,0,0,0,0,0,0.0,0.0,0.0,0.0,0.0,0.0,0.0,0.0,0.0
Grzegorz Krychowiak,MF,Poland,32-323,32,Al-Shabab,1990,4,4,332,37,0,0,0,0,0,1,0,0,0,0,0,0,0.0,0.0,2.0,2.0,1.0,5.0,5.0,1.0,5.0
Guido Rodríguez,MF,Argentina,28-250,28,Betis,1994,1,1,56,6,0,0,0,0,0,0,0,0,0,0,0,0,0.0,0.0,0.0,0.0,0.0,0.0,0.0,0.0,0.0
Guillermo Ochoa,GK,Mexico,37-158,37,América,1985,3,3,270,3,0,0,0,0,0,0,0,0,0,0,0,0,0.0,0.0,0.0,0.0,0.0,0.0,0.0,0.0,0.0
Guillermo Varela,DF,Uruguay,29-269,29,Flamengo,1993,3,2,183,2,0,0,0,0,0,0,0,0,0,0,0,0,0.0,0.0,1.0,1.0,0.0,5.0,5.0,0.0,5.0
Haji Wright,FW,United States,24-266,24,Antalyaspor,1998,4,1,137,15,1,0,1,0,0,0,0,66,0,66,66,66,5.0,5.0,0.0,6.0,35.0,2.0,37.0,35.0,37.0
Hakim Ziyech,FW,Morocco,29-274,29,Chelsea,1993,7,7,635,71,1,1,1,0,0,0,0,14,14,28,14,28,4.0,4.0,7.0,11.0,6.0,1.0,16.0,6.0,16.0
Hannibal Mejbri,MF,Tunisia,19-331,19,Birmingham City,2003,1,0,11,1,0,0,0,0,0,0,0,0,0,0,0,0,0.0,0.0,0.0,0.0,0.0,0.0,0.0,0.0,0.0
Haris Seferović,FW,Switzerland,30-299,30,Galatasaray,1992,3,0,71,8,0,0,0,0,0,0,0,0,0,0,0,0,2.0,2.0,0.0,2.0,24.0,3.0,27.0,24.0,27.0
Harry Kane,FW,England,29-143,29,Tottenham,1993,5,5,402,45,2,3,1,1,2,0,0,45,67,112,22,9,27.0,11.0,15.0,26.0,6.0,34.0,94.0,25.0,59.0
Harry Maguire,DF,England,29-288,29,Manchester Utd,1993,5,5,429,48,0,1,0,0,0,1,0,0,21,21,0,21,4.0,4.0,0.0,4.0,8.0,1.0,9.0,8.0,9.0
Harry Souttar,DF,Australia,24-057,24,Stoke City,1998,4,4,360,4,0,0,0,0,0,0,0,0,0,0,0,0,1.0,1.0,0.0,1.0,2.0,1.0,3.0,2.0,3.0
Harry Wilson,MF,Wales,25-271,25,Fulham,1997,3,2,160,18,0,0,0,0,0,0,0,0,0,0,0,0,1.0,1.0,5.0,6.0,5.0,28.0,33.0,5.0,33.0
Hassan Al Tambakti,DF,Saudi Arabia,23-312,23,Al-Shabab,1999,2,2,180,2,0,0,0,0,0,1,0,0,0,0,0,0,0.0,0.0,0.0,0.0,0.0,0.0,0.0,0.0,0.0
Hassan Al-Haydos,MF,Qatar,32-007,32,Al Sadd SC,1990,3,3,206,23,0,0,0,0,0,0,0,0,0,0,0,0,0.0,0.0,6.0,6.0,1.0,27.0,27.0,1.0,27.0
Hattan Bahebri,MF,Saudi Arabia,30-155,30,Al-Shabab,1992,2,0,4,0,0,1,0,0,0,1,0,0,225,225,0,225,0.0,0.0,6.0,6.0,0.0,1437.0,1437.0,0.0,1437.0
Henry Martín,FW,Mexico,30-030,30,América,1992,2,2,146,16,1,0,1,0,0,0,0,62,0,62,62,62,9.0,9.0,2.0,11.0,57.0,13.0,7.0,57.0,7.0
Hernán Galíndez,GK,Ecuador,35-263,35,SD Aucas,1987,3,3,270,3,0,0,0,0,0,0,0,0,0,0,0,0,0.0,0.0,0.0,0.0,0.0,0.0,0.0,0.0,0.0
Hidemasa Morita,MF,Japan,27-222,27,Sporting CP,1995,3,3,285,32,0,0,0,0,0,0,0,0,0,0,0,0,2.0,2.0,1.0,2.0,5.0,3.0,8.0,5.0,8.0
Hiroki Ito,DF,Japan,23-220,23,Stuttgart,1999,1,0,45,5,0,0,0,0,0,0,0,0,0,0,0,0,0.0,0.0,0.0,0.0,0.0,9.0,9.0,0.0,9.0
Hiroki Sakai,MF,Japan,32-250,32,Urawa Reds,1990,2,1,119,13,0,0,0,0,0,0,0,0,0,0,0,0,5.0,5.0,1.0,6.0,54.0,7.0,61.0,54.0,61.0
Hirving Lozano,FW,Mexico,27-141,27,Napoli,1995,3,3,252,28,0,0,0,0,0,0,0,0,0,0,0,0,2.0,2.0,1.0,12.0,7.0,36.0,42.0,7.0,42.0
Homam Ahmed,DF,Qatar,23-115,23,Al-Gharafa Sports Club,1999,3,3,262,29,0,0,0,0,0,1,0,0,0,0,0,0,0.0,0.0,0.0,0.0,0.0,1.0,1.0,0.0,1.0
Hong Chul,DF,Korea Republic,32-092,32,Daegu,1990,1,0,45,5,0,0,0,0,0,0,0,0,0,0,0,0,0.0,0.0,1.0,1.0,0.0,13.0,13.0,0.0,13.0
Hossein Hosseini,GK,IR Iran,30-171,30,Esteghlal,1992,2,1,161,18,0,0,0,0,0,0,0,0,0,0,0,0,0.0,0.0,0.0,0.0,0.0,0.0,0.0,0.0,0.0
Hossein Kanaanizadegan,DF,IR Iran,28-270,28,Al Ahli SC,1994,1,0,45,5,0,0,0,0,0,1,0,0,0,0,0,0,0.0,0.0,0.0,0.0,0.0,0.0,0.0,0.0,0.0
Hugo Lloris,GK,France,35-357,35,Tottenham,1986,6,6,570,63,0,0,0,0,0,0,0,0,0,0,0,0,0.0,0.0,0.0,0.0,0.0,0.0,0.0,0.0,0.0
Hwang Hee-chan,MF,Korea Republic,26-326,26,Wolves,1996,2,1,115,13,1,0,1,0,0,1,0,78,0,78,78,78,9.0,9.0,0.0,1.0,72.0,3.0,75.0,72.0,75.0
Hwang In-beom,MF,Korea Republic,26-089,26,Olympiacos,1996,4,4,334,37,0,0,0,0,0,0,0,0,0,0,0,0,2.0,2.0,1.0,3.0,6.0,2.0,8.0,6.0,8.0
Hwang Ui-jo,FW,Korea Republic,30-112,30,Olympiacos,1992,4,1,106,12,0,0,0,0,0,0,0,0,0,0,0,0,5.0,5.0,0.0,5.0,4.0,0.0,4.0,4.0,4.0
Héctor Herrera,MF,Mexico,32-243,32,Houston Dynamo,1990,2,2,160,18,0,0,0,0,0,1,0,0,0,0,0,0,0.0,0.0,1.0,1.0,0.0,6.0,6.0,0.0,6.0
Héctor Moreno,DF,Mexico,34-335,34,Monterrey,1988,3,3,270,3,0,0,0,0,0,1,0,0,0,0,0,0,2.0,2.0,0.0,2.0,6.0,1.0,7.0,6.0,7.0
Ibrahima Konaté,DF,France,23-207,23,Liverpool,1999,5,3,294,33,0,0,0,0,0,0,0,0,0,0,0,0,4.0,4.0,4.0,7.0,12.0,12.0,23.0,12.0,23.0
Idrissa Gana Gueye,MF,Senegal,33-083,33,Everton,1989,3,3,270,3,0,0,0,0,0,2,0,0,0,0,0,0,3.0,3.0,1.0,4.0,11.0,3.0,14.0,11.0,14.0
Ilias Chair,MF,Morocco,25-049,25,QPR,1997,1,0,45,5,0,0,0,0,0,0,0,0,0,0,0,0,0.0,0.0,0.0,0.0,0.0,0.0,0.0,0.0,0.0
Iliman Ndiaye,FW,Senegal,22-287,22,Sheffield Utd,2000,3,2,135,15,0,1,0,0,0,0,0,0,67,67,0,67,1.0,1.0,2.0,3.0,9.0,14.0,22.0,9.0,22.0
Ismail Jakobs,DF,Senegal,23-123,23,Monaco,1999,4,3,278,31,0,1,0,0,0,1,0,0,32,32,0,32,0.0,0.0,3.0,3.0,0.0,1.0,11.0,0.0,11.0
Ismail Mohamad,FW,Qatar,32-257,32,Al Duhail SC,1990,2,2,174,19,0,1,0,0,0,1,0,0,52,52,0,52,,,,,,,,,
Ismaila Sarr,FW,Senegal,24-296,24,Watford,1998,4,4,344,38,1,0,0,1,1,0,0,26,0,26,0,0,17.0,9.0,4.0,13.0,43.0,11.0,55.0,23.0,34.0
Ismaël Koné,MF,Canada,20-195,20,CF Montréal,2002,3,0,109,12,0,0,0,0,0,0,0,0,0,0,0,0,0.0,0.0,1.0,1.0,0.0,5.0,5.0,0.0,5.0
Issam Jebali,FW,Tunisia,30-358,30,Odense,1991,3,2,182,2,0,0,0,0,0,0,0,0,0,0,0,0,5.0,5.0,2.0,7.0,26.0,8.0,34.0,26.0,34.0
Ivan Ilić,MF,Serbia,21-276,21,Hellas Verona,2001,1,0,34,4,0,0,0,0,0,0,0,0,0,0,0,0,0.0,0.0,0.0,0.0,0.0,4.0,4.0,0.0,4.0
Ivan Perišić,FW,Croatia,33-319,33,Tottenham,1989,7,7,669,74,1,3,1,0,0,0,0,13,4,54,13,54,9.0,9.0,9.0,18.0,13.0,12.0,25.0,13.0,25.0
Iñaki Williams,FW,Ghana,28-186,28,Athletic Club,1994,3,3,270,3,0,0,0,0,0,0,0,0,0,0,0,0,3.0,3.0,2.0,5.0,1.0,7.0,17.0,1.0,17.0
Jack Grealish,FW,England,27-099,27,Manchester City,1995,5,0,86,1,1,0,1,0,0,0,0,105,0,105,105,105,6.0,6.0,1.0,8.0,69.0,12.0,81.0,69.0,81.0
Jackson Irvine,MF,Australia,29-286,29,St. Pauli,1993,4,4,354,39,0,0,0,0,0,2,0,0,0,0,0,0,5.0,5.0,0.0,6.0,13.0,1.0,14.0,13.0,14.0
Jackson Porozo,DF,Ecuador,22-136,22,Troyes,2000,2,1,96,11,0,0,0,0,0,0,0,0,0,0,0,0,1.0,1.0,0.0,1.0,5.0,0.0,5.0,5.0,5.0
Jakub Kamiński,MF,Poland,20-196,20,Wolfsburg,2002,4,2,233,26,0,0,0,0,0,0,0,0,0,0,0,0,4.0,3.0,2.0,5.0,14.0,9.0,23.0,1.0,19.0
Jakub Kiwior,DF,Poland,22-306,22,Spezia,2000,4,4,355,39,0,0,0,0,0,1,0,0,0,0,0,0,0.0,0.0,0.0,0.0,1.0,0.0,1.0,1.0,1.0
Jamal Musiala,MF,Germany,19-295,19,Bayern Munich,2003,3,3,258,29,0,1,0,0,0,0,0,0,35,35,0,35,19.0,19.0,9.0,28.0,67.0,3.0,97.0,67.0,97.0
Jamie Maclaren,FW,Australia,29-142,29,Melb City,1993,3,0,55,6,0,0,0,0,0,0,0,0,0,0,0,0,0.0,0.0,0.0,0.0,0.0,8.0,8.0,0.0,8.0
Jan Bednarek,DF,Poland,26-250,26,Aston Villa,1996,1,0,5,1,0,0,0,0,0,0,0,0,0,0,0,0,0.0,0.0,0.0,0.0,0.0,0.0,0.0,0.0,0.0
Jan Vertonghen,DF,Belgium,35-238,35,Anderlecht,1987,3,3,270,3,0,0,0,0,0,0,0,0,0,0,0,0,2.0,2.0,0.0,2.0,6.0,0.0,6.0,6.0,6.0
Jason Cummings,FW,Australia,27-139,27,Central Coast,1995,1,0,35,4,0,0,0,0,0,0,0,0,0,0,0,0,0.0,0.0,0.0,0.0,0.0,0.0,0.0,0.0,0.0
Jawad El Yamiq,DF,Morocco,30-292,30,Valladolid,1992,6,3,309,34,0,0,0,0,0,0,0,0,0,0,0,0,1.0,1.0,0.0,1.0,3.0,0.0,3.0,3.0,3.0
Jean-Charles Castelletto,DF,Cameroon,27-326,27,Nantes,1995,2,2,180,2,1,1,1,0,0,0,0,5,5,1,5,1,9.0,9.0,3.0,12.0,47.0,15.0,62.0,47.0,62.0
Jeong Woo-yeong,MF,Korea Republic,23-089,23,Freiburg,1999,1,1,45,5,0,0,0,0,0,0,0,0,0,0,0,0,0.0,0.0,0.0,0.0,6.0,0.0,6.0,6.0,6.0
Jeremy Doku,MF,Belgium,20-205,20,Rennes,2002,1,0,19,2,0,0,0,0,0,0,0,0,0,0,0,0,0.0,0.0,0.0,0.0,0.0,0.0,0.0,0.0,0.0
Jeremy Sarmiento,MF,Ecuador,20-185,20,Brighton,2002,3,0,85,9,0,0,0,0,0,0,0,0,0,0,0,0,1.0,1.0,1.0,1.0,7.0,9.0,15.0,7.0,15.0
Jerome Ngom Mbekeli,MF,Cameroon,24-079,24,Colombe Sportive du Dja et Lobo,1998,1,0,5,1,0,0,0,0,0,0,0,0,0,0,0,0,0.0,0.0,1.0,1.0,0.0,223.0,223.0,0.0,223.0
Jesper Lindstrøm,MF,Denmark,22-292,22,Eint Frankfurt,2000,3,2,200,22,0,0,0,0,0,0,0,0,0,0,0,0,3.0,3.0,0.0,3.0,14.0,0.0,14.0,14.0,14.0
Jesús Ferreira,FW,United States,21-359,21,FC Dallas,2000,1,1,45,5,0,0,0,0,0,0,0,0,0,0,0,0,0.0,0.0,0.0,0.0,0.0,0.0,0.0,0.0,0.0
Jesús Gallardo,DF,Mexico,28-125,28,Monterrey,1994,3,3,270,3,0,0,0,0,0,0,0,0,0,0,0,0,1.0,1.0,0.0,1.0,4.0,1.0,5.0,4.0,5.0
Jewison Bennette,MF,Costa Rica,18-186,18,Sunderland,2004,3,1,103,11,0,0,0,0,0,0,0,0,0,0,0,0,0.0,0.0,0.0,0.0,4.0,0.0,4.0,4.0,4.0
Jhegson Méndez,MF,Ecuador,25-236,25,Los Angeles FC,1997,2,2,180,2,0,0,0,0,0,2,0,0,0,0,0,0,0.0,0.0,1.0,1.0,0.0,7.0,7.0,0.0,7.0
Joachim Andersen,DF,Denmark,26-201,26,Crystal Palace,1996,3,3,270,3,0,1,0,0,0,0,0,0,33,33,0,33,1.0,1.0,2.0,3.0,3.0,8.0,11.0,3.0,11.0
Joakim Mæhle,DF,Denmark,25-212,25,Atalanta,1997,3,3,249,28,0,0,0,0,0,0,0,0,0,0,0,0,0.0,0.0,0.0,1.0,1.0,1.0,3.0,1.0,3.0
Joe Allen,MF,Wales,32-279,32,Swansea City,1990,2,1,94,1,0,0,0,0,0,0,0,0,0,0,0,0,1.0,1.0,1.0,2.0,1.0,5.0,15.0,1.0,15.0
Joe Morrell,MF,Wales,25-349,25,Portsmouth,1997,2,0,33,4,0,0,0,0,0,0,0,0,0,0,0,0,0.0,0.0,0.0,0.0,0.0,0.0,0.0,0.0,0.0
Joe Rodon,DF,Wales,25-057,25,Rennes,1997,3,3,270,3,0,0,0,0,0,1,0,0,0,0,0,0,0.0,0.0,0.0,0.0,0.0,0.0,0.0,0.0,0.0
Joel Campbell,FW,Costa Rica,30-175,30,León,1992,3,3,269,3,0,0,0,0,0,1,0,0,0,0,0,0,0.0,0.0,1.0,1.0,0.0,2.0,2.0,0.0,2.0
Johan Venegas,FW,Costa Rica,34-021,34,Liga Deportiva Alajuelense,1988,1,1,73,8,0,0,0,0,0,0,0,0,0,0,0,0,0.0,0.0,0.0,0.0,0.0,0.0,0.0,0.0,0.0
John Stones,DF,England,28-204,28,Manchester City,1994,5,5,434,48,0,0,0,0,0,0,0,0,0,0,0,0,4.0,4.0,1.0,4.0,7.0,1.0,9.0,7.0,9.0
Jonas Hofmann,FW,Germany,30-157,30,M'Gladbach,1992,2,0,30,3,0,0,0,0,0,0,0,0,0,0,0,0,3.0,3.0,1.0,3.0,82.0,16.0,98.0,82.0,98.0
Jonathan David,FW,Canada,22-338,22,Lille,2000,3,2,192,21,0,0,0,0,0,0,0,0,0,0,0,0,1.0,7.0,0.0,7.0,49.0,0.0,49.0,35.0,35.0
Jonathan Osorio,MF,Canada,30-189,30,Toronto FC,1992,3,1,119,13,0,0,0,0,0,1,0,0,0,0,0,0,1.0,1.0,0.0,1.0,5.0,0.0,5.0,5.0,5.0
Jordan Ayew,FW,Ghana,31-098,31,Crystal Palace,1991,3,2,136,15,0,1,0,0,0,0,0,0,66,66,0,66,1.0,1.0,5.0,5.0,3.0,32.0,36.0,3.0,36.0
Jordan Henderson,MF,England,32-184,32,Liverpool,1990,4,3,271,3,1,0,1,0,0,0,0,33,0,33,33,33,2.0,2.0,3.0,5.0,5.0,11.0,16.0,5.0,16.0
Jordan Morris,FW,United States,28-053,28,Seattle,1994,2,0,4,0,0,0,0,0,0,0,0,0,0,0,0,0,0.0,0.0,0.0,0.0,0.0,0.0,0.0,0.0,0.0
Jordan Pickford,GK,England,28-286,28,Everton,1994,5,5,450,5,0,0,0,0,0,0,0,0,0,0,0,0,0.0,0.0,0.0,0.0,0.0,0.0,0.0,0.0,0.0
Jordan Veretout,MF,France,29-292,29,Marseille,1993,1,1,62,7,0,0,0,0,0,0,0,0,0,0,0,0,0.0,0.0,0.0,0.0,0.0,0.0,0.0,0.0,0.0
Jordi Alba,DF,Spain,33-272,33,Barcelona,1989,4,3,264,29,0,2,0,0,0,0,0,0,68,68,0,68,0.0,0.0,9.0,9.0,1.0,31.0,32.0,1.0,32.0
Jorge Eduardo Sánchez,DF,Mexico,25-008,25,Ajax,1997,2,2,175,19,0,0,0,0,0,1,0,0,0,0,0,0,0.0,0.0,0.0,0.0,1.0,0.0,1.0,1.0,1.0
Josh Sargent,FW,United States,22-301,22,Norwich City,2000,3,2,157,17,0,0,0,0,0,0,0,0,0,0,0,0,4.0,4.0,1.0,4.0,21.0,4.0,25.0,21.0,25.0
Joshua Kimmich,MF,Germany,27-313,27,Bayern Munich,1995,3,3,270,3,0,0,0,0,0,1,0,0,0,0,0,0,4.0,4.0,11.0,15.0,12.0,37.0,49.0,12.0,49.0
Josip Juranović,DF,Croatia,27-124,27,Celtic,1995,6,6,600,67,0,1,0,0,0,0,0,0,15,15,0,15,0.0,0.0,3.0,4.0,1.0,5.0,6.0,1.0,6.0
Josip Stanišić,DF,Croatia,22-260,22,Bayern Munich,2000,1,1,90,1,0,0,0,0,0,0,0,0,0,0,0,0,0.0,0.0,0.0,0.0,2.0,0.0,2.0,2.0,2.0
Josip Šutalo,DF,Croatia,22-293,22,Dinamo Zagreb,2000,1,1,90,1,0,0,0,0,0,0,0,0,0,0,0,0,0.0,0.0,0.0,0.0,0.0,0.0,0.0,0.0,0.0
José Cifuentes,MF,Ecuador,23-281,23,Los Angeles FC,1999,2,0,59,7,0,0,0,0,0,0,0,0,0,0,0,0,0.0,0.0,0.0,0.0,3.0,0.0,3.0,3.0,3.0
José María Giménez,DF,Uruguay,27-332,27,Atlético Madrid,1995,3,3,270,3,0,0,0,0,0,1,0,0,0,0,0,0,2.0,2.0,0.0,2.0,6.0,0.0,6.0,6.0,6.0
João Cancelo,DF,Portugal,28-205,28,Manchester City,1994,4,3,310,34,0,0,0,0,0,0,0,0,0,0,0,0,0.0,0.0,0.0,0.0,1.0,0.0,1.0,1.0,1.0
João Félix,FW,Portugal,23-038,23,Atlético Madrid,1999,4,4,331,37,1,2,1,0,0,1,0,27,54,82,27,82,9.0,9.0,4.0,12.0,24.0,1.0,34.0,24.0,34.0
João Mário,FW,Portugal,29-333,29,Benfica,1993,2,1,84,9,0,0,0,0,0,0,0,0,0,0,0,0,0.0,0.0,0.0,0.0,0.0,0.0,0.0,0.0,0.0
João Palhinha,MF,Portugal,27-162,27,Fulham,1995,3,0,38,4,0,0,0,0,0,0,0,0,0,0,0,0,0.0,0.0,1.0,2.0,6.0,3.0,36.0,6.0,36.0
Joško Gvardiol,DF,Croatia,20-329,20,RB Leipzig,2002,7,7,690,77,1,0,1,0,0,0,0,13,0,13,13,13,1.0,1.0,0.0,2.0,2.0,1.0,3.0,2.0,3.0
Juan Foyth,DF,Argentina,24-340,24,Villarreal,1998,1,0,5,1,0,0,0,0,0,0,0,0,0,0,0,0,0.0,0.0,0.0,0.0,0.0,0.0,0.0,0.0,0.0
Juan Pablo Vargas,DF,Costa Rica,27-195,27,Millonarios,1995,1,1,90,1,1,0,1,0,0,0,0,1,0,1,1,1,5.0,5.0,0.0,5.0,46.0,0.0,46.0,46.0,46.0
Jude Bellingham,MF,England,19-172,19,Dortmund,2003,5,5,414,46,1,1,1,0,0,0,0,22,22,43,22,43,6.0,6.0,3.0,9.0,12.0,7.0,19.0,12.0,19.0
Jules Koundé,DF,France,24-036,24,Barcelona,1998,6,5,480,53,0,0,0,0,0,1,0,0,0,0,0,0,2.0,2.0,1.0,3.0,4.0,1.0,5.0,4.0,5.0
Julián Álvarez,FW,Argentina,22-321,22,Manchester City,2000,7,5,464,52,4,0,4,0,0,0,0,78,0,78,78,78,26.0,26.0,1.0,27.0,51.0,2.0,53.0,51.0,53.0
Jung Woo-young,MF,Korea Republic,33-004,33,Al Sadd SC,1989,4,4,303,34,0,0,0,0,0,2,0,0,0,0,0,0,0.0,0.0,1.0,2.0,1.0,4.0,5.0,1.0,5.0
Junior Hoilett,FW,Canada,32-196,32,Reading,1990,3,2,161,18,0,0,0,0,0,1,0,0,0,0,0,0,1.0,1.0,4.0,5.0,8.0,21.0,28.0,8.0,28.0
Junya Ito,MF,Japan,29-284,29,Reims,1993,4,3,324,36,0,1,0,0,0,0,0,0,28,28,0,28,2.0,2.0,2.0,4.0,5.0,7.0,12.0,5.0,12.0
Jurriën Timber,DF,Netherlands,21-184,21,Ajax,2001,4,4,390,43,0,0,0,0,0,1,0,0,0,0,0,0,0.0,0.0,0.0,0.0,0.0,0.0,0.0,0.0,0.0
Kai Havertz,FW,Germany,23-190,23,Chelsea,1999,2,1,102,11,2,0,2,0,0,0,0,176,0,176,176,176,14.0,14.0,2.0,16.0,119.0,17.0,136.0,119.0,136.0
Kalidou Koulibaly,DF,Senegal,31-181,31,Chelsea,1991,4,4,360,4,1,0,1,0,0,1,0,25,0,25,25,25,5.0,5.0,0.0,5.0,12.0,1.0,13.0,12.0,13.0
Kalvin Phillips,MF,England,27-016,27,Manchester City,1995,2,0,42,5,0,1,0,0,0,0,0,0,214,214,0,214,0.0,0.0,1.0,1.0,0.0,17.0,17.0,0.0,17.0
Kamal Miller,DF,Canada,25-216,25,CF Montréal,1997,3,3,270,3,0,0,0,0,0,1,0,0,0,0,0,0,0.0,0.0,0.0,0.0,0.0,0.0,0.0,0.0,0.0
Kamaldeen Sulemana,FW,Ghana,20-306,20,Rennes,2002,2,0,58,6,0,0,0,0,0,1,0,0,0,0,0,0,1.0,1.0,0.0,1.0,9.0,0.0,9.0,9.0,9.0
Kamil Glik,DF,Poland,34-318,34,Benevento,1988,4,4,360,4,0,0,0,0,0,0,0,0,0,0,0,0,2.0,2.0,0.0,2.0,6.0,0.0,6.0,6.0,6.0
Kamil Grosicki,MF,Poland,34-193,34,Pogoń Szczecin,1988,1,0,4,0,0,0,0,0,0,0,0,0,0,0,0,0,0.0,0.0,1.0,1.0,0.0,169.0,169.0,0.0,169.0
Kaoru Mitoma,MF,Japan,25-212,25,Brighton,1997,4,0,165,18,0,1,0,0,0,0,0,0,55,55,0,55,1.0,1.0,12.0,13.0,5.0,83.0,88.0,5.0,88.0
Karim Ansarifard,FW,IR Iran,32-259,32,AC Omonia,1990,2,0,35,4,0,0,0,0,0,0,0,0,0,0,0,0,1.0,1.0,1.0,1.0,17.0,2.0,36.0,17.0,36.0
Karim Boudiaf,MF,Qatar,32-093,32,Al Duhail SC,1990,3,2,185,21,0,0,0,0,0,1,0,0,0,0,0,0,0.0,0.0,0.0,0.0,0.0,0.0,0.0,0.0,0.0
Karl Toko Ekambi,FW,Cameroon,30-095,30,Lyon,1992,3,2,166,18,0,0,0,0,0,0,0,0,0,0,0,0,2.0,2.0,3.0,4.0,1.0,14.0,24.0,1.0,24.0
Karol Świderski,FW,Poland,25-329,25,Charlotte,1997,1,1,45,5,0,0,0,0,0,0,0,0,0,0,0,0,0.0,0.0,0.0,0.0,0.0,0.0,0.0,0.0,0.0
Kasper Dolberg,FW,Denmark,25-073,25,Sevilla,1997,3,1,114,13,0,0,0,0,0,0,0,0,0,0,0,0,4.0,4.0,1.0,5.0,31.0,5.0,37.0,31.0,37.0
Kasper Schmeichel,GK,Denmark,36-043,36,Nice,1986,3,3,270,3,0,0,0,0,0,0,0,0,0,0,0,0,0.0,0.0,0.0,0.0,0.0,0.0,0.0,0.0,0.0
Keanu Baccus,MF,Australia,24-194,24,St Mirren,1998,4,1,114,13,0,0,0,0,0,0,0,0,0,0,0,0,0.0,0.0,0.0,0.0,4.0,0.0,4.0,4.0,4.0
Kellyn Acosta,MF,United States,27-147,27,Los Angeles FC,1995,2,0,43,5,0,0,0,0,0,1,0,0,0,0,0,0,0.0,0.0,0.0,0.0,0.0,0.0,0.0,0.0,0.0
Kendall Waston,DF,Costa Rica,34-351,34,Deportivo Saprissa,1988,3,2,225,25,0,0,0,0,0,0,0,0,0,0,0,0,2.0,2.0,0.0,2.0,6.0,0.0,6.0,6.0,6.0
Kenneth Taylor,MF,Netherlands,20-216,20,Ajax,2002,1,0,5,1,0,0,0,0,0,0,0,0,0,0,0,0,0.0,0.0,0.0,0.0,0.0,0.0,0.0,0.0,0.0
Kevin De Bruyne,FW,Belgium,31-173,31,Manchester City,1991,3,3,270,3,0,0,0,0,0,0,0,0,0,0,0,0,2.0,2.0,9.0,11.0,8.0,3.0,38.0,8.0,38.0
Kevin Rodríguez,FW,Ecuador,22-289,22,Independiente del Valle,2000,2,0,2,0,0,0,0,0,0,0,0,0,0,0,0,0,,,,,,,,,
Kevin Álvarez,DF,Mexico,23-337,23,Pachuca,1999,2,1,70,8,0,0,0,0,0,0,0,0,0,0,0,0,0.0,0.0,0.0,0.0,0.0,0.0,0.0,0.0,0.0
Keylor Navas,GK,Costa Rica,36-003,36,Paris S-G,1986,3,3,270,3,0,0,0,0,0,0,0,0,0,0,0,0,0.0,0.0,0.0,0.0,0.0,0.0,0.0,0.0,0.0
Keysher Fuller,DF,Costa Rica,28-160,28,Club Sport Herediano,1994,3,3,253,28,1,0,1,0,0,0,0,36,0,36,36,36,4.0,4.0,2.0,5.0,14.0,5.0,19.0,14.0,19.0
Kieffer Moore,FW,Wales,30-132,30,Bournemouth,1992,3,2,225,25,0,0,0,0,0,0,0,0,0,0,0,0,1.0,1.0,2.0,13.0,41.0,1.0,51.0,41.0,51.0
Kieran Trippier,DF,England,32-090,32,Newcastle Utd,1990,3,2,206,23,0,0,0,0,0,0,0,0,0,0,0,0,0.0,0.0,1.0,2.0,2.0,7.0,9.0,2.0,9.0
Kim Jin-su,DF,Korea Republic,30-188,30,Jeonbuk,1992,4,4,315,35,0,1,0,0,0,0,0,0,29,29,0,29,3.0,3.0,6.0,9.0,9.0,17.0,27.0,9.0,27.0
Kim Min-jae,DF,Korea Republic,26-033,26,Napoli,1996,3,3,269,3,0,0,0,0,0,0,0,0,0,0,0,0,1.0,1.0,0.0,1.0,3.0,0.0,3.0,3.0,3.0
Kim Moonhwan,DF,Korea Republic,27-139,27,Jeonbuk,1995,4,4,360,4,0,0,0,0,0,0,0,0,0,0,0,0,0.0,0.0,6.0,6.0,0.0,15.0,15.0,0.0,15.0
Kim Seung-gyu,GK,Korea Republic,32-079,32,Al-Shabab,1990,4,4,360,4,0,0,0,0,0,0,0,0,0,0,0,0,0.0,0.0,0.0,0.0,0.0,0.0,0.0,0.0,0.0
Kim Young-gwon,DF,Korea Republic,32-294,32,Ulsan Hyundai,1990,4,4,350,39,1,0,1,0,0,1,0,26,0,26,26,26,8.0,8.0,2.0,9.0,19.0,5.0,24.0,19.0,24.0
Kingsley Coman,FW,France,26-188,26,Bayern Munich,1996,6,1,169,19,0,0,0,0,0,0,0,0,0,0,0,0,2.0,2.0,1.0,2.0,1.0,5.0,15.0,1.0,15.0
Ko Itakura,DF,Japan,25-325,25,M'Gladbach,1997,3,3,270,3,0,1,0,0,0,2,0,0,33,33,0,33,2.0,2.0,1.0,2.0,5.0,3.0,8.0,5.0,8.0
Koke,MF,Spain,30-344,30,Atlético Madrid,1992,2,0,52,6,0,0,0,0,0,0,0,0,0,0,0,0,0.0,0.0,0.0,0.0,0.0,0.0,0.0,0.0,0.0
Kristijan Jakić,FW,Croatia,25-218,25,Eint Frankfurt,1997,1,0,1,0,0,0,0,0,0,0,0,0,0,0,0,0,0.0,0.0,0.0,0.0,0.0,0.0,0.0,0.0,0.0
Krystian Bielik,MF,Poland,24-348,24,Derby County,1998,4,2,216,24,0,0,0,0,0,0,0,0,0,0,0,0,2.0,2.0,0.0,2.0,7.0,0.0,7.0,7.0,7.0
Krzysztof Piątek,FW,Poland,27-170,27,Salernitana,1995,2,0,28,3,0,0,0,0,0,0,0,0,0,0,0,0,0.0,0.0,0.0,0.0,9.0,0.0,9.0,9.0,9.0
Krépin Diatta,FW,Senegal,23-296,23,Monaco,1999,3,3,181,2,0,0,0,0,0,0,0,0,0,0,0,0,1.0,1.0,2.0,3.0,6.0,9.0,16.0,6.0,16.0
Kudus Mohammed,FW,Ghana,22-138,22,Ajax,2000,3,3,247,27,2,0,2,0,0,1,0,73,0,73,73,73,8.0,8.0,0.0,8.0,3.0,0.0,3.0,3.0,3.0
Kwon Chang-hoon,FW,Korea Republic,28-171,28,Sangju Sangmu,1994,1,1,56,6,0,0,0,0,0,0,0,0,0,0,0,0,0.0,0.0,2.0,2.0,0.0,29.0,29.0,0.0,29.0
Kwon Kyung-won,DF,Korea Republic,30-321,30,Gamba Osaka,1992,2,1,91,1,0,0,0,0,0,0,0,0,0,0,0,0,0.0,0.0,0.0,0.0,2.0,0.0,2.0,2.0,2.0
Kye Rowles,DF,Australia,24-177,24,Hearts,1998,4,4,360,4,0,0,0,0,0,0,0,0,0,0,0,0,0.0,0.0,0.0,0.0,0.0,0.0,0.0,0.0,0.0
Kyle Walker,DF,England,32-204,32,Manchester City,1990,3,3,236,26,0,0,0,0,0,0,0,0,0,0,0,0,0.0,0.0,0.0,0.0,0.0,0.0,0.0,0.0,0.0
Kylian Mbappe,FW,France,23-363,23,Paris S-G,1998,7,6,598,66,8,2,6,2,2,0,0,12,3,151,9,12,52.0,36.0,13.0,5.0,82.0,21.0,103.0,57.0,79.0
Lautaro Martínez,FW,Argentina,25-118,25,Inter,1997,6,2,241,27,0,0,0,0,0,0,0,0,0,0,0,0,18.0,18.0,0.0,19.0,86.0,2.0,87.0,86.0,87.0
Lawrence Ati-Zigi,GK,Ghana,26-019,26,St. Gallen,1996,3,3,270,3,0,0,0,0,0,0,0,0,0,0,0,0,0.0,0.0,0.0,0.0,0.0,0.0,0.0,0.0,0.0
Leander Dendoncker,DF,Belgium,27-247,27,Aston Villa,1995,2,2,161,18,0,0,0,0,0,1,0,0,0,0,0,0,1.0,1.0,4.0,4.0,5.0,2.0,25.0,5.0,25.0
Leandro Paredes,MF,Argentina,28-172,28,Juventus,1994,5,2,225,25,0,0,0,0,0,2,0,0,0,0,0,0,0.0,0.0,0.0,1.0,1.0,2.0,3.0,1.0,3.0
Leandro Trossard,FW,Belgium,28-014,28,Brighton,1994,3,1,103,11,0,0,0,0,0,0,0,0,0,0,0,0,0.0,0.0,1.0,1.0,0.0,8.0,8.0,0.0,8.0
Lee Jae-sung,MF,Korea Republic,30-130,30,Mainz 05,1992,3,3,211,23,0,0,0,0,0,0,0,0,0,0,0,0,0.0,0.0,0.0,1.0,1.0,2.0,3.0,1.0,3.0
Lee Kangin,MF,Korea Republic,21-302,21,Mallorca,2001,4,1,147,16,0,1,0,0,0,1,0,0,61,61,0,61,2.0,2.0,3.0,4.0,9.0,17.0,27.0,9.0,27.0
Leon Goretzka,MF,Germany,27-315,27,Bayern Munich,1995,3,2,159,18,0,0,0,0,0,1,0,0,0,0,0,0,5.0,5.0,0.0,5.0,26.0,1.0,27.0,26.0,27.0
Leroy Sané,FW,Germany,26-341,26,Bayern Munich,1996,2,1,111,12,0,1,0,0,0,0,0,0,81,81,0,81,1.0,1.0,18.0,19.0,9.0,144.0,154.0,9.0,154.0
Liam Millar,DF,Canada,23-082,23,Basel,1999,1,0,10,1,0,0,0,0,0,0,0,0,0,0,0,0,0.0,0.0,0.0,0.0,0.0,0.0,0.0,0.0,0.0
Lionel Messi,FW,Argentina,35-177,35,Paris S-G,1987,7,7,690,77,7,3,3,4,5,1,0,91,39,13,39,78,66.0,26.0,25.0,51.0,94.0,36.0,13.0,38.0,74.0
Lisandro Martínez,DF,Argentina,24-334,24,Manchester Utd,1998,5,2,303,34,0,0,0,0,0,1,0,0,0,0,0,0,1.0,1.0,7.0,8.0,4.0,21.0,25.0,4.0,25.0
Lovro Majer,MF,Croatia,24-335,24,Rennes,1998,7,1,130,14,1,0,1,0,0,0,0,69,0,69,69,69,7.0,7.0,1.0,8.0,67.0,7.0,74.0,67.0,74.0
Loïs Openda,FW,Belgium,22-305,22,Lens,2000,1,0,13,1,0,0,0,0,0,0,0,0,0,0,0,0,0.0,0.0,0.0,0.0,0.0,0.0,0.0,0.0,0.0
Lucas Cavallini,FW,Canada,29-355,29,Vancouver,1992,1,0,19,2,0,0,0,0,0,0,0,0,0,0,0,0,0.0,0.0,0.0,0.0,0.0,0.0,0.0,0.0,0.0
Lucas Hernández,DF,France,26-307,26,Bayern Munich,1996,1,1,12,1,0,0,0,0,0,0,0,0,0,0,0,0,0.0,0.0,0.0,0.0,0.0,0.0,0.0,0.0,0.0
Lucas Paquetá,MF,Brazil,25-113,25,West Ham,1997,4,4,314,35,1,1,1,0,0,0,0,29,29,57,29,57,8.0,8.0,15.0,23.0,24.0,43.0,67.0,24.0,67.0
Luis Chávez,MF,Mexico,26-337,26,Pachuca,1996,3,3,270,3,1,0,1,0,0,0,0,33,0,33,33,33,3.0,3.0,5.0,7.0,1.0,15.0,25.0,1.0,25.0
Luis Suárez,FW,Uruguay,35-328,35,Nacional,1987,3,2,146,16,0,1,0,0,0,1,0,0,62,62,0,62,4.0,4.0,1.0,5.0,26.0,4.0,29.0,26.0,29.0
Luka Jović,FW,Serbia,24-360,24,Fiorentina,1997,1,0,36,4,0,0,0,0,0,1,0,0,0,0,0,0,1.0,1.0,2.0,2.0,13.0,4.0,53.0,13.0,53.0
Luka Modrić,MF,Croatia,37-100,37,Real Madrid,1985,7,7,653,73,0,0,0,0,0,1,0,0,0,0,0,0,4.0,4.0,7.0,11.0,6.0,11.0,16.0,6.0,16.0
Lukas Klostermann,DF,Germany,26-198,26,RB Leipzig,1996,2,0,66,7,0,0,0,0,0,0,0,0,0,0,0,0,0.0,0.0,0.0,0.0,0.0,0.0,0.0,0.0,0.0
Luke Shaw,DF,England,27-159,27,Manchester Utd,1995,5,5,424,47,0,1,0,0,0,0,0,0,21,21,0,21,1.0,1.0,8.0,9.0,2.0,17.0,19.0,2.0,19.0
Luuk de Jong,FW,Netherlands,32-113,32,PSV Eindhoven,1990,1,0,57,6,0,0,0,0,0,0,0,0,0,0,0,0,1.0,1.0,0.0,1.0,25.0,0.0,25.0,25.0,25.0
Majid Hosseini,DF,IR Iran,26-181,26,Kayserispor,1996,3,3,270,3,0,0,0,0,0,1,0,0,0,0,0,0,0.0,0.0,0.0,0.0,0.0,0.0,0.0,0.0,0.0
Manuel Akanji,DF,Switzerland,27-152,27,Manchester City,1995,4,4,360,4,1,0,1,0,0,1,0,25,0,25,25,25,11.0,11.0,1.0,12.0,28.0,3.0,3.0,28.0,3.0
Manuel Neuer,GK,Germany,36-266,36,Bayern Munich,1986,3,3,270,3,0,0,0,0,0,0,0,0,0,0,0,0,0.0,0.0,0.0,0.0,0.0,0.0,0.0,0.0,0.0
Marcelo Brozović,MF,Croatia,30-032,30,Inter,1992,6,6,552,61,0,0,0,0,0,1,0,0,0,0,0,0,5.0,5.0,2.0,7.0,9.0,3.0,12.0,9.0,12.0
Marco Asensio,FW,Spain,26-331,26,Real Madrid,1996,4,3,229,25,1,0,1,0,0,0,0,39,0,39,39,39,12.0,12.0,1.0,13.0,48.0,2.0,5.0,48.0,5.0
Marcos Acuña,DF,Argentina,31-051,31,Sevilla,1991,6,4,373,41,0,0,0,0,0,3,0,0,0,0,0,0,1.0,1.0,3.0,4.0,2.0,7.0,1.0,2.0,1.0
Marcos Llorente,DF,Spain,27-322,27,Atlético Madrid,1995,1,1,120,13,0,0,0,0,0,0,0,0,0,0,0,0,0.0,0.0,0.0,0.0,2.0,0.0,2.0,2.0,2.0
Marcus Rashford,FW,England,25-048,25,Manchester Utd,1997,5,1,140,16,3,0,3,0,0,0,0,193,0,193,193,193,16.0,16.0,0.0,16.0,103.0,0.0,103.0,103.0,103.0
Marcus Thuram,FW,France,25-134,25,M'Gladbach,1997,5,0,151,17,0,2,0,0,0,1,0,0,119,119,0,119,2.0,2.0,2.0,4.0,16.0,16.0,32.0,16.0,32.0
Mario Götze,MF,Germany,30-198,30,Eint Frankfurt,1992,2,0,36,4,0,0,0,0,0,0,0,0,0,0,0,0,1.0,1.0,1.0,2.0,21.0,29.0,5.0,21.0,5.0
Mario Pašalić,FW,Croatia,27-312,27,Atalanta,1995,7,2,271,3,0,0,0,0,0,0,0,0,0,0,0,0,3.0,3.0,2.0,5.0,1.0,7.0,17.0,1.0,17.0
Mark-Anthony Kaye,MF,Canada,28-016,28,Toronto FC,1994,1,1,59,7,0,0,0,0,0,0,0,0,0,0,0,0,0.0,0.0,0.0,0.0,6.0,0.0,6.0,6.0,6.0
Marko Grujić,MF,Serbia,26-249,26,Porto,1996,1,0,13,1,0,0,0,0,0,0,0,0,0,0,0,0,0.0,0.0,0.0,0.0,26.0,0.0,26.0,26.0,26.0
Marko Livaja,FW,Croatia,29-114,29,Hajduk Split,1993,6,3,241,27,1,1,1,0,0,0,0,37,37,75,37,75,8.0,8.0,1.0,9.0,31.0,3.0,34.0,31.0,34.0
Marquinhos,DF,Brazil,28-218,28,Paris S-G,1994,5,4,426,47,0,0,0,0,0,1,0,0,0,0,0,0,2.0,2.0,8.0,9.0,4.0,17.0,21.0,4.0,21.0
Marten de Roon,MF,Netherlands,31-264,31,Atalanta,1991,5,3,184,2,0,0,0,0,0,0,0,0,0,0,0,0,0.0,0.0,0.0,0.0,0.0,0.0,0.0,0.0,0.0
Martin Braithwaite,FW,Denmark,31-196,31,Espanyol,1991,2,1,103,11,0,0,0,0,0,0,0,0,0,0,0,0,1.0,1.0,1.0,2.0,6.0,12.0,18.0,6.0,18.0
Martin Hongla,MF,Cameroon,24-277,24,Hellas Verona,1998,2,2,121,13,0,0,0,0,0,0,0,0,0,0,0,0,1.0,1.0,1.0,1.0,4.0,5.0,9.0,4.0,9.0
Martinelli,FW,Brazil,21-183,21,Arsenal,2001,3,1,113,13,0,0,0,0,0,0,0,0,0,0,0,0,5.0,5.0,2.0,7.0,42.0,14.0,56.0,42.0,56.0
Martín Cáceres,DF,Uruguay,35-255,35,LA Galaxy,1987,1,1,90,1,0,0,0,0,0,1,0,0,0,0,0,0,0.0,0.0,0.0,0.0,0.0,0.0,0.0,0.0,0.0
Mason Mount,MF,England,23-342,23,Chelsea,1999,4,2,186,21,0,0,0,0,0,0,0,0,0,0,0,0,2.0,2.0,0.0,2.0,1.0,2.0,12.0,1.0,12.0
Mateo Kovačić,MF,Croatia,28-226,28,Chelsea,1994,7,7,635,71,0,0,0,0,0,2,0,0,0,0,0,0,3.0,3.0,1.0,13.0,5.0,14.0,18.0,5.0,18.0
Matheus Nunes,MF,Portugal,24-113,24,Wolves,1998,2,1,73,8,0,0,0,0,0,0,0,0,0,0,0,0,0.0,0.0,1.0,1.0,3.0,12.0,14.0,3.0,14.0
Mathew Leckie,MF,Australia,31-317,31,Melb City,1991,4,4,333,37,1,1,1,0,0,0,0,27,27,54,27,54,1.0,1.0,3.0,5.0,4.0,8.0,12.0,4.0,12.0
Mathew Ryan,GK,Australia,30-254,30,FC Copenhagen,1992,4,4,360,4,0,0,0,0,0,0,0,0,0,0,0,0,0.0,0.0,0.0,0.0,0.0,0.0,0.0,0.0,0.0
Mathias Jensen,MF,Denmark,26-351,26,Brentford,1996,2,1,84,9,0,0,0,0,0,1,0,0,0,0,0,0,1.0,1.0,4.0,5.0,11.0,38.0,5.0,11.0,5.0
Mathías Olivera,DF,Uruguay,25-048,25,Napoli,1997,3,3,253,28,0,0,0,0,0,1,0,0,0,0,0,0,1.0,1.0,4.0,5.0,3.0,15.0,18.0,3.0,18.0
Matt Turner,GK,United States,28-177,28,Arsenal,1994,4,4,360,4,0,0,0,0,0,0,0,0,0,0,0,0,0.0,0.0,0.0,0.0,0.0,0.0,0.0,0.0,0.0
Matthias Ginter,DF,Germany,28-333,28,Freiburg,1994,1,0,1,0,0,0,0,0,0,0,0,0,0,0,0,0,0.0,0.0,0.0,0.0,0.0,0.0,0.0,0.0,0.0
Matthijs de Ligt,DF,Netherlands,23-128,23,Bayern Munich,1999,2,1,91,1,0,0,0,0,0,1,0,0,0,0,0,0,0.0,0.0,0.0,0.0,0.0,0.0,0.0,0.0,0.0
Matty Cash,DF,Poland,25-133,25,Aston Villa,1997,4,4,360,4,0,0,0,0,0,2,0,0,0,0,0,0,0.0,0.0,2.0,2.0,1.0,4.0,5.0,1.0,5.0
Mattéo Guendouzi,FW,France,23-248,23,Marseille,1999,1,1,78,9,0,0,0,0,0,0,0,0,0,0,0,0,0.0,0.0,0.0,0.0,0.0,0.0,0.0,0.0,0.0
Matías Vecino,MF,Uruguay,31-116,31,Lazio,1991,3,2,195,22,0,0,0,0,0,0,0,0,0,0,0,0,1.0,1.0,0.0,1.0,5.0,0.0,5.0,5.0,5.0
Matías Viña,DF,Uruguay,25-039,25,Roma,1997,2,0,17,2,0,0,0,0,0,0,0,0,0,0,0,0,0.0,0.0,0.0,0.0,0.0,0.0,0.0,0.0,0.0
Maxi Gómez,FW,Uruguay,26-126,26,Trabzonspor,1996,2,0,30,3,0,0,0,0,0,0,0,0,0,0,0,0,1.0,1.0,0.0,1.0,26.0,0.0,26.0,26.0,26.0
Maya Yoshida,DF,Japan,34-116,34,Schalke 04,1988,4,4,390,43,0,1,0,0,0,1,0,0,23,23,0,23,0.0,0.0,4.0,4.0,0.0,9.0,9.0,0.0,9.0
Mehdi Taremi,FW,IR Iran,30-153,30,Porto,1992,3,3,270,3,2,1,1,1,1,0,0,67,33,1,33,67,13.0,6.0,7.0,12.0,45.0,22.0,67.0,18.0,4.0
Mehdi Torabi,MF,IR Iran,28-099,28,Persepolis,1994,3,0,62,7,0,0,0,0,0,0,0,0,0,0,0,0,1.0,1.0,6.0,7.0,18.0,82.0,1.0,18.0,1.0
Memphis,FW,Netherlands,28-308,28,Barcelona,1994,5,3,297,33,1,0,1,0,0,1,0,3,0,3,3,3,15.0,15.0,5.0,2.0,44.0,16.0,61.0,44.0,61.0
Meshaal Barsham,GK,Qatar,24-307,24,Al Sadd SC,1998,2,2,180,2,0,0,0,0,0,0,0,0,0,0,0,0,0.0,0.0,0.0,0.0,0.0,0.0,0.0,0.0,0.0
Michael Estrada,FW,Ecuador,26-255,26,Cruz Azul,1996,3,3,225,25,0,0,0,0,0,0,0,0,0,0,0,0,3.0,3.0,0.0,3.0,13.0,1.0,13.0,13.0,13.0
Michał Skóraś,MF,Poland,22-306,22,Lech Poznań,2000,1,0,45,5,0,0,0,0,0,0,0,0,0,0,0,0,0.0,0.0,0.0,0.0,4.0,0.0,4.0,4.0,4.0
Michel Aebischer,MF,Switzerland,25-346,25,Bologna,1997,1,0,16,2,0,0,0,0,0,0,0,0,0,0,0,0,0.0,0.0,0.0,0.0,0.0,0.0,0.0,0.0,0.0
Michy Batshuayi,FW,Belgium,29-077,29,Fenerbahçe,1993,2,2,151,17,1,0,1,0,0,0,0,6,0,6,6,6,8.0,8.0,1.0,8.0,45.0,3.0,48.0,45.0,48.0
Miki Yamane,DF,Japan,28-361,28,Kawa Frontale,1993,1,1,61,7,0,0,0,0,0,1,0,0,0,0,0,0,0.0,0.0,1.0,1.0,0.0,11.0,11.0,0.0,11.0
Mikkel Damsgaard,MF,Denmark,22-168,22,Brentford,2000,3,1,150,17,0,0,0,0,0,0,0,0,0,0,0,0,0.0,0.0,3.0,3.0,0.0,2.0,2.0,0.0,2.0
Milad Mohammadi,DF,IR Iran,29-080,29,AEK Athens,1993,3,3,196,22,0,0,0,0,0,0,0,0,0,0,0,0,0.0,0.0,0.0,0.0,0.0,0.0,0.0,0.0,0.0
Milan Borjan,GK,Canada,35-056,35,Red Star,1987,3,3,270,3,0,0,0,0,0,0,0,0,0,0,0,0,0.0,0.0,0.0,0.0,0.0,0.0,0.0,0.0,0.0
Miloš Degenek,DF,Australia,28-234,28,Columbus Crew,1994,4,2,183,2,0,0,0,0,0,2,0,0,0,0,0,0,0.0,0.0,0.0,0.0,0.0,0.0,0.0,0.0,0.0
Miloš Veljković,DF,Serbia,27-083,27,Werder Bremen,1995,3,3,221,25,0,0,0,0,0,0,0,0,0,0,0,0,0.0,0.0,0.0,0.0,0.0,0.0,0.0,0.0,0.0
Mislav Oršić,FW,Croatia,29-354,29,Dinamo Zagreb,1992,6,1,162,18,1,2,1,0,0,0,0,56,111,167,56,167,4.0,4.0,11.0,14.0,23.0,68.0,9.0,23.0,9.0
Mitchell Duke,FW,Australia,31-334,31,Fagi Okayama,1991,4,4,270,3,1,0,1,0,0,1,0,33,0,33,33,33,4.0,4.0,0.0,4.0,12.0,1.0,13.0,12.0,13.0
Mohamed Ali Ben Romdhane,MF,Tunisia,23-103,23,Espérance de Tunis,1999,1,1,73,8,0,0,0,0,0,0,0,0,0,0,0,0,0.0,0.0,0.0,0.0,0.0,0.0,0.0,0.0,0.0
Mohamed Dräger,DF,Tunisia,26-176,26,Luzern,1996,2,2,132,15,0,0,0,0,0,0,0,0,0,0,0,0,2.0,2.0,0.0,2.0,14.0,1.0,15.0,14.0,15.0
Mohamed Kanno,MF,Saudi Arabia,28-087,28,Al-Hilal,1994,3,3,270,3,0,0,0,0,0,0,0,0,0,0,0,0,3.0,3.0,0.0,3.0,1.0,0.0,1.0,1.0,1.0
Mohammed Al-Breik,DF,Saudi Arabia,30-094,30,Al-Hilal,1992,2,1,65,7,0,0,0,0,0,0,0,0,0,0,0,0,4.0,0.0,0.0,1.0,51.0,7.0,58.0,3.0,1.0
Mohammed Al-Owais,GK,Saudi Arabia,31-069,31,Al-Hilal,1991,3,3,270,3,0,0,0,0,0,1,0,0,0,0,0,0,0.0,0.0,0.0,0.0,0.0,0.0,0.0,0.0,0.0
Mohammed Muntari,FW,Qatar,28-363,28,Al Duhail SC,1993,3,0,63,7,1,0,1,0,0,0,0,143,0,143,143,143,2.0,2.0,0.0,2.0,3.0,3.0,33.0,3.0,33.0
Mohammed Salisu,DF,Ghana,23-245,23,Southampton,1999,3,3,270,3,1,0,1,0,0,0,0,33,0,33,33,33,8.0,8.0,2.0,1.0,26.0,8.0,34.0,26.0,34.0
Mohammed Waad,MF,Qatar,23-091,23,Al Sadd SC,1999,2,0,28,3,0,0,0,0,0,0,0,0,0,0,0,0,0.0,0.0,0.0,0.0,0.0,0.0,0.0,0.0,0.0
Moisés Caicedo,MF,Ecuador,21-046,21,Brighton,2001,3,3,269,3,1,0,1,0,0,1,0,33,0,33,33,33,5.0,5.0,0.0,5.0,17.0,0.0,17.0,17.0,17.0
Montassar Talbi,DF,Tunisia,24-206,24,Lorient,1998,3,3,270,3,0,0,0,0,0,0,0,0,0,0,0,0,0.0,0.0,0.0,0.0,0.0,0.0,0.0,0.0,0.0
Morteza Pouraliganji,DF,IR Iran,30-243,30,Persepolis,1992,3,3,270,3,0,0,0,0,0,1,0,0,0,0,0,0,1.0,1.0,2.0,3.0,3.0,7.0,9.0,3.0,9.0
Moumi Ngamaleu,FW,Cameroon,28-162,28,Dynamo Mosc,1994,2,1,95,11,0,0,0,0,0,0,0,0,0,0,0,0,0.0,0.0,2.0,2.0,0.0,15.0,15.0,0.0,15.0
Munir,GK,Morocco,33-222,33,Al-Wehda,1989,1,1,90,1,0,0,0,0,0,0,0,0,0,0,0,0,0.0,0.0,0.0,0.0,0.0,0.0,0.0,0.0,0.0
Musab Kheder,DF,Qatar,29-083,29,Al Sadd SC,1993,1,0,6,1,0,0,0,0,0,0,0,0,0,0,0,0,0.0,0.0,0.0,0.0,0.0,0.0,0.0,0.0,0.0
Na Sang-ho,FW,Korea Republic,26-128,26,FC Seoul,1996,2,1,119,13,0,0,0,0,0,0,0,0,0,0,0,0,0.0,0.0,1.0,2.0,3.0,9.0,12.0,3.0,12.0
Nader Ghandri,DF,Tunisia,27-303,27,Club Africain,1995,1,1,90,1,0,0,0,0,0,0,0,0,0,0,0,0,0.0,0.0,0.0,0.0,0.0,0.0,0.0,0.0,0.0
Nahuel Molina,DF,Argentina,24-256,24,Atlético Madrid,1998,7,6,567,63,1,1,1,0,0,0,0,16,16,32,16,32,5.0,5.0,3.0,8.0,7.0,5.0,12.0,7.0,12.0
Nampalys Mendy,MF,Senegal,30-178,30,Leicester City,1992,4,3,272,3,0,0,0,0,0,1,0,0,0,0,0,0,1.0,1.0,0.0,1.0,2.0,1.0,3.0,2.0,3.0
Nasser Al-Dawsari,FW,Saudi Arabia,23-364,23,Al-Hilal,1998,1,0,5,1,0,0,0,0,0,0,0,0,0,0,0,0,0.0,0.0,1.0,1.0,0.0,127.0,127.0,0.0,127.0
Nathan Aké,DF,Netherlands,27-303,27,Manchester City,1995,5,5,479,53,0,0,0,0,0,1,0,0,0,0,0,0,0.0,0.0,0.0,0.0,0.0,0.0,0.0,0.0,0.0
Nathaniel Atkinson,DF,Australia,23-188,23,Hearts,1999,1,1,84,9,0,0,0,0,0,0,0,0,0,0,0,0,0.0,0.0,0.0,0.0,0.0,0.0,0.0,0.0,0.0
Nawaf Al Abed,MF,Saudi Arabia,32-326,32,Al-Shabab,1990,2,0,88,1,0,0,0,0,0,1,0,0,0,0,0,0,1.0,1.0,1.0,2.0,13.0,6.0,2.0,13.0,2.0
Nayef Aguerd,DF,Morocco,26-263,26,West Ham,1996,4,4,353,39,0,0,0,0,0,0,0,0,0,0,0,0,2.0,2.0,0.0,2.0,4.0,1.0,5.0,4.0,5.0
Naïm Sliti,MF,Tunisia,30-144,30,Al-Ettifaq,1992,2,1,114,13,0,0,0,0,0,0,0,0,0,0,0,0,1.0,1.0,1.0,3.0,11.0,1.0,21.0,11.0,21.0
Neco Williams,DF,Wales,21-249,21,Nott'ham Forest,2001,3,3,204,23,0,0,0,0,0,0,0,0,0,0,0,0,1.0,1.0,1.0,2.0,4.0,3.0,7.0,4.0,7.0
Nemanja Gudelj,MF,Serbia,31-032,31,Sevilla,1991,2,1,92,1,0,0,0,0,0,2,0,0,0,0,0,0,0.0,0.0,0.0,0.0,0.0,0.0,0.0,0.0,0.0
Nemanja Maksimović,MF,Serbia,27-326,27,Getafe,1995,3,1,122,14,0,0,0,0,0,0,0,0,0,0,0,0,0.0,0.0,1.0,1.0,0.0,7.0,7.0,0.0,7.0
Nemanja Radonjić,DF,Serbia,26-306,26,Torino,1996,3,0,60,7,0,0,0,0,0,0,0,0,0,0,0,0,1.0,1.0,0.0,1.0,15.0,5.0,19.0,15.0,19.0
Neymar,MF,Brazil,30-316,30,Paris S-G,1992,3,3,279,31,2,0,1,1,1,0,0,65,0,65,32,32,27.0,19.0,8.0,27.0,98.0,29.0,127.0,7.0,98.0
Niclas Füllkrug,FW,Germany,29-312,29,Werder Bremen,1993,3,0,69,8,2,1,2,0,0,0,0,261,13,391,261,391,22.0,22.0,6.0,28.0,286.0,76.0,362.0,286.0,362.0
Nico Elvedi,DF,Switzerland,26-079,26,M'Gladbach,1996,2,2,180,2,0,0,0,0,0,1,0,0,0,0,0,0,1.0,1.0,0.0,1.0,4.0,0.0,4.0,4.0,4.0
Nico Schlotterbeck,DF,Germany,23-017,23,Dortmund,1999,2,1,94,1,0,0,0,0,0,0,0,0,0,0,0,0,0.0,0.0,1.0,1.0,0.0,7.0,7.0,0.0,7.0
Nico Williams,FW,Spain,20-159,20,Athletic Club,2002,4,1,146,16,0,0,0,0,0,0,0,0,0,0,0,0,1.0,1.0,0.0,1.0,7.0,0.0,7.0,7.0,7.0
Nicola Zalewski,MF,Poland,20-329,20,Roma,2002,2,1,65,7,0,0,0,0,0,0,0,0,0,0,0,0,0.0,0.0,0.0,0.0,0.0,0.0,0.0,0.0,0.0
Nicolas Jackson,FW,Senegal,21-181,21,Villarreal,2001,1,0,17,2,0,0,0,0,0,0,0,0,0,0,0,0,0.0,0.0,0.0,0.0,0.0,0.0,0.0,0.0,0.0
Nicolas Nkoulou,DF,Cameroon,32-266,32,Aris,1990,2,2,180,2,0,1,0,0,0,1,0,0,5,5,0,5,3.0,3.0,0.0,3.0,14.0,0.0,14.0,14.0,14.0
Nicolás De La Cruz,MF,Uruguay,25-200,25,River Plate,1997,2,0,38,4,0,0,0,0,0,0,0,0,0,0,0,0,0.0,0.0,0.0,0.0,9.0,0.0,9.0,9.0,9.0
Nicolás Otamendi,DF,Argentina,34-309,34,Benfica,1988,7,7,690,77,0,1,0,0,0,2,0,0,13,13,0,13,0.0,0.0,2.0,2.0,0.0,2.0,3.0,0.0,3.0
Nicolás Tagliafico,DF,Argentina,30-109,30,Lyon,1992,6,3,373,41,0,0,0,0,0,0,0,0,0,0,0,0,1.0,1.0,2.0,12.0,26.0,5.0,31.0,26.0,31.0
Niklas Süle,DF,Germany,27-106,27,Dortmund,1995,3,3,269,3,0,0,0,0,0,0,0,0,0,0,0,0,1.0,1.0,0.0,1.0,4.0,0.0,4.0,4.0,4.0
Nikola Milenković,DF,Serbia,25-067,25,Fiorentina,1997,3,3,270,3,0,0,0,0,0,2,0,0,0,0,0,0,2.0,2.0,0.0,2.0,6.0,0.0,6.0,6.0,6.0
Nikola Vlašić,FW,Croatia,25-075,25,Torino,1997,6,1,209,23,0,0,0,0,0,0,0,0,0,0,0,0,4.0,4.0,0.0,4.0,25.0,0.0,25.0,25.0,25.0
Noa Lang,MF,Netherlands,23-184,23,Club Brugge,1999,1,0,8,1,0,0,0,0,0,1,0,0,0,0,0,0,0.0,0.0,0.0,0.0,,,,,
Noah Okafor,FW,Switzerland,22-208,22,RB Salzburg,2000,3,0,45,5,0,0,0,0,0,0,0,0,0,0,0,0,0.0,0.0,0.0,1.0,5.0,9.0,14.0,5.0,14.0
Nouhou Tolo,DF,Cameroon,25-178,25,Seattle,1997,3,3,270,3,0,0,0,0,0,1,0,0,0,0,0,0,0.0,0.0,0.0,0.0,0.0,0.0,0.0,0.0,0.0
Noussair Mazraoui,DF,Morocco,25-034,25,Bayern Munich,1997,5,5,365,41,0,0,0,0,0,0,0,0,0,0,0,0,2.0,2.0,0.0,2.0,4.0,1.0,4.0,4.0,4.0
Nuno Mendes,DF,Portugal,20-182,20,Paris S-G,2002,1,1,41,5,0,0,0,0,0,0,0,0,0,0,0,0,0.0,0.0,0.0,0.0,0.0,4.0,4.0,0.0,4.0
Néstor Araujo,DF,Mexico,31-111,31,América,1991,1,1,90,1,0,0,0,0,0,1,0,0,0,0,0,0,0.0,0.0,0.0,0.0,0.0,0.0,0.0,0.0,0.0
Olivier Giroud,FW,France,36-079,36,Milan,1986,6,6,419,47,4,0,4,0,0,1,0,86,0,86,86,86,34.0,34.0,1.0,35.0,72.0,3.0,76.0,72.0,76.0
Olivier Ntcham,MF,Cameroon,26-312,26,Swansea City,1996,1,0,25,3,0,0,0,0,0,0,0,0,0,0,0,0,0.0,0.0,0.0,1.0,16.0,9.0,25.0,16.0,25.0
Orbelín Pineda,MF,Mexico,26-269,26,AEK Athens,1996,1,1,76,8,0,0,0,0,0,0,0,0,0,0,0,0,3.0,3.0,1.0,4.0,38.0,7.0,45.0,38.0,45.0
Osman Bukari,MF,Ghana,24-005,24,Red Star,1998,2,0,59,7,1,0,1,0,0,0,0,153,0,153,153,153,5.0,5.0,1.0,6.0,76.0,9.0,85.0,76.0,85.0
Otávio,MF,Portugal,27-312,27,Porto,1995,3,3,196,22,0,0,0,0,0,0,0,0,0,0,0,0,1.0,1.0,4.0,5.0,5.0,17.0,23.0,5.0,23.0
Ousmane Dembélé,FW,France,25-217,25,Barcelona,1997,7,6,433,48,0,2,0,0,0,1,0,0,42,42,0,42,5.0,5.0,16.0,21.0,1.0,34.0,44.0,1.0,44.0
Pablo Sarabia,FW,Spain,30-221,30,Paris S-G,1992,1,0,3,0,0,0,0,0,0,0,0,0,0,0,0,0,1.0,1.0,2.0,3.0,,,,,
Paik Seung-ho,MF,Korea Republic,25-276,25,Jeonbuk,1997,1,0,26,3,1,0,1,0,0,0,0,346,0,346,346,346,0.0,0.0,0.0,0.0,15.0,0.0,15.0,15.0,15.0
Pape Abou Cissé,DF,Senegal,27-095,27,Olympiacos,1995,3,1,105,12,0,0,0,0,0,0,0,0,0,0,0,0,0.0,0.0,0.0,0.0,0.0,0.0,0.0,0.0,0.0
Pape Gueye,MF,Senegal,23-328,23,Marseille,1999,3,1,153,17,0,0,0,0,0,0,0,0,0,0,0,0,1.0,1.0,2.0,3.0,7.0,11.0,18.0,7.0,18.0
Pape Matar Sarr,MF,Senegal,20-095,20,Tottenham,2002,2,0,59,7,0,0,0,0,0,0,0,0,0,0,0,0,1.0,1.0,0.0,2.0,18.0,5.0,23.0,18.0,23.0
Papu Gómez,MF,Argentina,34-306,34,Sevilla,1988,2,2,107,12,0,0,0,0,0,0,0,0,0,0,0,0,0.0,0.0,0.0,0.0,3.0,0.0,3.0,3.0,3.0
Pathé Ciss,MF,Senegal,28-277,28,Rayo Vallecano,1994,3,2,146,16,0,0,0,0,0,1,0,0,0,0,0,0,0.0,0.0,0.0,0.0,2.0,0.0,2.0,2.0,2.0
Pau Torres,DF,Spain,25-336,25,Villarreal,1997,1,1,90,1,0,0,0,0,0,0,0,0,0,0,0,0,0.0,0.0,0.0,0.0,0.0,0.0,0.0,0.0,0.0
Paulo Dybala,FW,Argentina,29-033,29,Roma,1993,2,0,18,2,0,0,0,0,0,0,0,0,0,0,0,0,0.0,0.0,2.0,2.0,0.0,103.0,103.0,0.0,103.0
Pedri,MF,Spain,20-023,20,Barcelona,2002,4,4,356,4,0,0,0,0,0,0,0,0,0,0,0,0,0.0,0.0,8.0,8.0,0.0,22.0,22.0,0.0,22.0
Pedro,FW,Brazil,25-181,25,Flamengo,1997,2,0,64,7,0,0,0,0,0,0,0,0,0,0,0,0,5.0,5.0,0.0,5.0,139.0,0.0,139.0,139.0,139.0
Pepe,DF,Portugal,39-295,39,Porto,1983,4,4,360,4,1,0,1,0,0,0,0,25,0,25,25,25,4.0,4.0,0.0,4.0,11.0,0.0,11.0,11.0,11.0
Pervis Estupiñán,DF,Ecuador,24-331,24,Brighton,1998,3,3,270,3,0,0,0,0,0,0,0,0,0,0,0,0,1.0,1.0,3.0,3.0,2.0,9.0,11.0,2.0,11.0
Phil Foden,FW,England,22-204,22,Manchester City,2000,4,3,258,29,1,2,1,0,0,0,0,35,7,105,35,105,11.0,11.0,6.0,16.0,38.0,2.0,57.0,38.0,57.0
Piero Hincapié,DF,Ecuador,20-343,20,Leverkusen,2002,3,3,270,3,0,0,0,0,0,0,0,0,0,0,0,0,0.0,0.0,0.0,0.0,0.0,0.0,0.0,0.0,0.0
Pierre Højbjerg,MF,Denmark,27-135,27,Tottenham,1995,3,3,270,3,0,0,0,0,0,0,0,0,0,0,0,0,0.0,0.0,0.0,1.0,1.0,1.0,2.0,1.0,2.0
Pierre Kunde,MF,Cameroon,27-145,27,Olympiacos,1995,2,2,131,15,0,0,0,0,0,1,0,0,0,0,0,0,2.0,2.0,1.0,3.0,15.0,5.0,2.0,15.0,2.0
Piotr Zieliński,MF,Poland,28-212,28,Napoli,1994,4,4,328,36,1,0,1,0,0,0,0,27,0,27,27,27,6.0,6.0,4.0,1.0,16.0,11.0,26.0,16.0,26.0
Przemysław Frankowski,MF,Poland,27-250,27,Lens,1995,4,3,240,27,0,0,0,0,0,1,0,0,0,0,0,0,0.0,0.0,2.0,3.0,1.0,9.0,11.0,1.0,11.0
Rafael Leão,FW,Portugal,23-191,23,Milan,1999,5,0,88,1,2,0,2,0,0,0,0,205,0,205,205,205,4.0,4.0,2.0,6.0,42.0,16.0,57.0,42.0,57.0
Raheem Sterling,FW,England,28-010,28,Chelsea,1994,3,2,149,17,1,1,1,0,0,0,0,6,6,121,6,121,4.0,4.0,1.0,5.0,22.0,9.0,31.0,22.0,31.0
Ramin Rezaeian,DF,IR Iran,32-272,32,Sepahan,1990,2,2,180,2,1,0,1,0,0,1,0,5,0,5,5,5,3.0,3.0,3.0,5.0,13.0,14.0,27.0,13.0,27.0
Randal Kolo Muani,FW,France,24-013,24,Eint Frankfurt,1998,3,1,182,2,1,0,1,0,0,0,0,49,0,49,49,49,11.0,11.0,0.0,11.0,65.0,0.0,65.0,65.0,65.0
Raphaël Guerreiro,DF,Portugal,28-361,28,Dortmund,1993,4,3,279,31,1,2,1,0,0,0,0,32,65,97,32,97,4.0,4.0,6.0,1.0,12.0,19.0,31.0,12.0,31.0
Raphaël Varane,DF,France,29-237,29,Manchester Utd,1993,6,6,518,58,0,0,0,0,0,0,0,0,0,0,0,0,3.0,3.0,0.0,3.0,6.0,0.0,6.0,6.0,6.0
Raphinha,FW,Brazil,26-004,26,Barcelona,1996,5,4,315,35,0,1,0,0,0,0,0,0,29,29,0,29,12.0,12.0,13.0,25.0,35.0,38.0,72.0,35.0,72.0
Rasmus Nissen,DF,Denmark,25-160,25,Leeds United,1997,3,3,224,25,0,0,0,0,0,1,0,0,0,0,0,0,0.0,0.0,0.0,0.0,0.0,1.0,1.0,0.0,1.0
Raúl Jiménez,FW,Mexico,31-227,31,Wolves,1991,3,0,59,7,0,0,0,0,0,0,0,0,0,0,0,0,0.0,0.0,0.0,0.0,0.0,0.0,0.0,0.0,0.0
Remo Freuler,MF,Switzerland,30-247,30,Nott'ham Forest,1992,4,4,323,36,1,0,1,0,0,0,0,28,0,28,28,28,5.0,5.0,0.0,5.0,14.0,0.0,14.0,14.0,14.0
Renato Steffen,FW,Switzerland,31-045,31,Lugano,1991,1,0,32,4,0,0,0,0,0,0,0,0,0,0,0,0,0.0,0.0,0.0,0.0,0.0,0.0,0.0,0.0,0.0
Ricardo Horta,FW,Portugal,28-094,28,Braga,1994,3,1,119,13,1,0,1,0,0,0,0,76,0,76,76,76,8.0,8.0,1.0,8.0,58.0,5.0,63.0,58.0,63.0
Ricardo Rodríguez,DF,Switzerland,30-115,30,Torino,1992,4,4,359,4,0,0,0,0,0,0,0,0,0,0,0,0,0.0,0.0,2.0,2.0,0.0,4.0,4.0,0.0,4.0
Richarlison,FW,Brazil,25-222,25,Tottenham,1997,4,4,323,36,3,0,3,0,0,0,0,84,0,84,84,84,21.0,21.0,1.0,31.0,59.0,27.0,86.0,59.0,86.0
Richie Laryea,DF,Canada,27-345,27,Toronto FC,1995,3,2,160,18,0,0,0,0,0,0,0,0,0,0,0,0,1.0,1.0,5.0,6.0,4.0,3.0,34.0,4.0,34.0
Riley McGree,FW,Australia,24-046,24,Middlesbrough,1998,4,4,265,29,0,1,0,0,0,0,0,0,34,34,0,34,1.0,1.0,6.0,8.0,5.0,22.0,27.0,5.0,27.0
Ritsu Doan,FW,Japan,24-185,24,Freiburg,1998,4,2,217,24,2,0,2,0,0,0,0,83,0,83,83,83,5.0,5.0,2.0,7.0,21.0,7.0,28.0,21.0,28.0
Riyadh Sharahili,MF,Saudi Arabia,29-234,29,Abha,1993,1,0,54,6,0,0,0,0,0,0,0,0,0,0,0,0,0.0,0.0,0.0,0.0,0.0,5.0,5.0,0.0,5.0
Roan Wilson,MF,Costa Rica,20-231,20,Municipal Grecia,2002,1,0,1,0,0,0,0,0,0,0,0,0,0,0,0,0,0.0,0.0,0.0,0.0,0.0,0.0,0.0,0.0,0.0
Robert Lewandowski,FW,Poland,34-119,34,Barcelona,1988,4,4,360,4,2,1,1,1,2,0,0,5,25,75,25,5,29.0,14.0,4.0,18.0,73.0,1.0,83.0,34.0,44.0
Robert Skov,DF,Denmark,26-212,26,Hoffenheim,1996,1,0,22,2,0,0,0,0,0,1,0,0,0,0,0,0,0.0,0.0,0.0,0.0,0.0,0.0,0.0,0.0,0.0
Roberto Alvarado,FW,Mexico,24-102,24,Guadalajara,1998,1,0,18,2,0,0,0,0,0,1,0,0,0,0,0,0,0.0,0.0,0.0,0.0,0.0,0.0,0.0,0.0,0.0
Rodri,DF,Spain,26-179,26,Manchester City,1996,4,4,390,43,0,0,0,0,0,0,0,0,0,0,0,0,0.0,0.0,2.0,2.0,1.0,4.0,5.0,1.0,5.0
Rodrigo Bentancur,MF,Uruguay,25-176,25,Tottenham,1997,3,3,213,24,0,0,0,0,0,1,0,0,0,0,0,0,6.0,6.0,1.0,8.0,26.0,6.0,32.0,26.0,32.0
Rodrigo De Paul,MF,Argentina,28-208,28,Atlético Madrid,1994,7,7,599,67,0,0,0,0,0,0,0,0,0,0,0,0,9.0,9.0,3.0,12.0,13.0,5.0,18.0,13.0,18.0
Rodrygo,MF,Brazil,21-343,21,Real Madrid,2001,5,1,181,2,0,1,0,0,0,0,0,0,5,5,0,5,4.0,4.0,4.0,9.0,26.0,25.0,52.0,26.0,52.0
Rogelio Funes Mori,FW,Mexico,31-288,31,Monterrey,1991,1,0,5,1,0,0,0,0,0,0,0,0,0,0,0,0,1.0,1.0,0.0,1.0,123.0,0.0,123.0,123.0,123.0
Romain Saïss,DF,Morocco,32-267,32,Besiktas,1990,6,6,466,52,1,0,1,0,0,1,0,19,0,19,19,19,8.0,8.0,0.0,8.0,16.0,0.0,16.0,16.0,16.0
Romario Ibarra,MF,Ecuador,28-085,28,Pachuca,1994,2,1,68,8,0,0,0,0,0,0,0,0,0,0,0,0,1.0,1.0,0.0,1.0,19.0,0.0,19.0,19.0,19.0
Romelu Lukaku,FW,Belgium,29-219,29,Inter,1993,2,0,55,6,0,0,0,0,0,0,0,0,0,0,0,0,17.0,17.0,0.0,18.0,284.0,6.0,29.0,284.0,29.0
Roozbeh Cheshmi,DF,IR Iran,29-147,29,Esteghlal,1993,2,1,58,6,1,0,1,0,0,0,0,155,0,155,155,155,1.0,1.0,0.0,1.0,8.0,0.0,8.0,8.0,8.0
Ruben Vargas,FW,Switzerland,24-135,24,Augsburg,1998,4,4,285,32,0,1,0,0,0,1,0,0,32,32,0,32,3.0,3.0,6.0,9.0,11.0,19.0,3.0,11.0,3.0
Rubin Colwill,MF,Wales,20-235,20,Cardiff City,2002,1,0,10,1,0,0,0,0,0,0,0,0,0,0,0,0,0.0,0.0,0.0,0.0,21.0,0.0,21.0,21.0,21.0
Ró-Ró,DF,Qatar,32-134,32,Al Sadd SC,1990,3,3,262,29,0,0,0,0,0,0,0,0,0,0,0,0,1.0,1.0,0.0,1.0,2.0,0.0,2.0,2.0,2.0
Rónald Matarrita,DF,Costa Rica,28-162,28,FC Cincinnati,1994,2,0,26,3,0,0,0,0,0,0,0,0,0,0,0,0,0.0,0.0,0.0,0.0,0.0,0.0,0.0,0.0,0.0
Rúben Dias,DF,Portugal,25-218,25,Manchester City,1997,4,4,360,4,0,0,0,0,0,1,0,0,0,0,0,0,0.0,0.0,0.0,0.0,1.0,0.0,1.0,1.0,1.0
Rúben Neves,MF,Portugal,25-280,25,Wolves,1997,5,4,268,3,0,0,0,0,0,1,0,0,0,0,0,0,1.0,1.0,0.0,1.0,3.0,1.0,4.0,3.0,4.0
Saad Al Sheeb,GK,Qatar,32-302,32,Al Sadd SC,1990,1,1,90,1,0,0,0,0,0,1,0,0,0,0,0,0,0.0,0.0,0.0,0.0,0.0,0.0,0.0,0.0,0.0
Sadegh Moharrami,DF,IR Iran,26-292,26,Dinamo Zagreb,1996,1,1,90,1,0,0,0,0,0,0,0,0,0,0,0,0,0.0,0.0,0.0,0.0,0.0,0.0,0.0,0.0,0.0
Saeid Ezatolahi,MF,IR Iran,26-078,26,Vejle BK,1996,3,2,217,24,0,0,0,0,0,0,0,0,0,0,0,0,1.0,1.0,2.0,3.0,4.0,8.0,12.0,4.0,12.0
Saleh Al-Shehri,FW,Saudi Arabia,29-047,29,Al-Hilal,1993,3,3,223,25,1,0,1,0,0,1,0,4,0,4,4,4,1.0,1.0,1.0,2.0,3.0,5.0,9.0,3.0,9.0
Salem Al-Dawsari,MF,Saudi Arabia,31-121,31,Al-Hilal,1991,3,3,270,3,2,0,2,0,1,1,0,67,0,67,67,67,18.0,1.0,2.0,12.0,59.0,8.0,67.0,32.0,4.0
Salis Abdul Samed,MF,Ghana,22-267,22,Lens,2000,3,3,250,28,0,0,0,0,0,0,0,0,0,0,0,0,0.0,0.0,0.0,1.0,1.0,1.0,2.0,1.0,2.0
Salman Al-Faraj,MF,Saudi Arabia,33-139,33,Al-Hilal,1989,1,1,44,5,0,0,0,0,0,0,0,0,0,0,0,0,0.0,0.0,0.0,0.0,0.0,0.0,0.0,0.0,0.0
Sam Adekugbe,DF,Canada,27-336,27,Hatayspor,1995,3,1,95,11,0,0,0,0,0,1,0,0,0,0,0,0,0.0,0.0,1.0,1.0,0.0,9.0,9.0,0.0,9.0
Saman Ghoddos,MF,IR Iran,29-103,29,Brentford,1993,1,0,45,5,0,0,0,0,0,0,0,0,0,0,0,0,2.0,2.0,0.0,2.0,36.0,5.0,41.0,36.0,41.0
Sami Al-Najei,MF,Saudi Arabia,25-314,25,Al-Nassr,1997,1,1,45,5,0,0,0,0,0,0,0,0,0,0,0,0,0.0,0.0,0.0,0.0,0.0,0.0,0.0,0.0,0.0
Samuel Oum Gouet,MF,Cameroon,25-005,25,Mechelen,1997,2,1,100,11,0,0,0,0,0,0,0,0,0,0,0,0,0.0,0.0,0.0,0.0,0.0,0.0,0.0,0.0,0.0
Sardar Azmoun,FW,IR Iran,27-351,27,Leverkusen,1995,3,2,126,14,0,0,0,0,0,0,0,0,0,0,0,0,9.0,9.0,1.0,1.0,67.0,5.0,71.0,67.0,71.0
Saud Abdulhamid,DF,Saudi Arabia,23-153,23,Al-Hilal,1999,3,3,270,3,0,0,0,0,0,1,0,0,0,0,0,0,0.0,0.0,0.0,1.0,1.0,2.0,2.0,1.0,2.0
Saša Lukić,MF,Serbia,26-127,26,Torino,1996,3,3,245,27,0,0,0,0,0,2,0,0,0,0,0,0,1.0,1.0,0.0,1.0,2.0,0.0,2.0,2.0,2.0
Sebastian Szymański,MF,Poland,23-222,23,Feyenoord,1999,2,2,134,15,0,0,0,0,0,0,0,0,0,0,0,0,0.0,0.0,0.0,0.0,0.0,0.0,0.0,0.0,0.0
Sebastián Coates,DF,Uruguay,32-072,32,Sporting CP,1990,2,2,180,2,0,0,0,0,0,1,0,0,0,0,0,0,1.0,1.0,0.0,1.0,5.0,0.0,5.0,5.0,5.0
Selim Amallah,MF,Morocco,26-033,26,Standard Liège,1996,7,4,409,45,0,0,0,0,0,1,0,0,0,0,0,0,2.0,2.0,1.0,3.0,5.0,2.0,7.0,5.0,7.0
Serge Gnabry,FW,Germany,27-157,27,Bayern Munich,1995,3,3,263,29,1,1,1,0,0,0,0,34,34,68,34,68,11.0,11.0,15.0,26.0,37.0,51.0,88.0,37.0,88.0
Sergej Milinković-Savić,MF,Serbia,27-294,27,Lazio,1995,3,3,233,26,1,0,1,0,0,1,0,39,0,39,39,39,2.0,2.0,0.0,2.0,7.0,0.0,7.0,7.0,7.0
Sergio Busquets,MF,Spain,34-155,34,Barcelona,1988,4,4,363,4,0,0,0,0,0,1,0,0,0,0,0,0,1.0,1.0,1.0,2.0,4.0,2.0,6.0,4.0,6.0
Sergio Rochet,GK,Uruguay,29-270,29,Nacional,1993,3,3,270,3,0,0,0,0,0,0,0,0,0,0,0,0,0.0,0.0,0.0,0.0,0.0,0.0,0.0,0.0,0.0
Sergiño Dest,DF,United States,22-045,22,Milan,2000,4,4,305,34,0,1,0,0,0,1,0,0,3,3,0,3,2.0,2.0,5.0,7.0,7.0,15.0,22.0,7.0,22.0
Shaquell Moore,DF,United States,26-046,26,Nashville,1996,2,0,22,2,0,0,0,0,0,0,0,0,0,0,0,0,0.0,0.0,0.0,0.0,0.0,0.0,0.0,0.0,0.0
Shogo Taniguchi,DF,Japan,31-156,31,Kawa Frontale,1991,2,2,210,23,0,0,0,0,0,1,0,0,0,0,0,0,2.0,2.0,0.0,2.0,12.0,0.0,12.0,12.0,12.0
Shūichi Gonda,GK,Japan,33-290,33,S-Pulse,1989,4,4,390,43,0,0,0,0,0,0,0,0,0,0,0,0,0.0,0.0,0.0,0.0,0.0,0.0,0.0,0.0,0.0
Silvan Widmer,DF,Switzerland,29-288,29,Mainz 05,1993,3,3,265,29,0,1,0,0,0,1,0,0,34,34,0,34,0.0,0.0,8.0,9.0,1.0,29.0,3.0,1.0,3.0
Simon Kjær,DF,Denmark,33-267,33,Milan,1989,1,1,64,7,0,0,0,0,0,0,0,0,0,0,0,0,0.0,0.0,0.0,0.0,0.0,0.0,0.0,0.0,0.0
Sofiane Boufal,FW,Morocco,29-092,29,Angers,1993,7,7,475,53,0,0,0,0,0,1,0,0,0,0,0,0,3.0,3.0,3.0,6.0,5.0,6.0,11.0,5.0,11.0
Sofyan Amrabat,MF,Morocco,26-119,26,Fiorentina,1996,7,7,660,73,0,0,0,0,0,1,0,0,0,0,0,0,0.0,0.0,1.0,1.0,0.0,1.0,1.0,0.0,1.0
Son Heung-min,FW,Korea Republic,30-163,30,Tottenham,1992,4,4,360,4,0,1,0,0,0,0,0,0,25,25,0,25,4.0,4.0,1.0,14.0,11.0,24.0,35.0,11.0,35.0
Son Jun-ho,MF,Korea Republic,30-220,30,Shandong Lunen,1992,3,0,72,8,0,0,0,0,0,0,0,0,0,0,0,0,0.0,0.0,0.0,0.0,0.0,0.0,0.0,0.0,0.0
Sorba Thomas,MF,Wales,23-118,23,Huddersfield,1999,1,0,1,0,0,0,0,0,0,0,0,0,0,0,0,0,0.0,0.0,0.0,0.0,0.0,0.0,0.0,0.0,0.0
Srđan Babić,DF,Serbia,26-240,26,Almería,1996,1,0,13,1,0,0,0,0,0,0,0,0,0,0,0,0,0.0,0.0,0.0,0.0,0.0,0.0,0.0,0.0,0.0
Stefan Mitrović,DF,Serbia,32-210,32,Getafe,1990,1,0,35,4,0,0,0,0,0,0,0,0,0,0,0,0,0.0,0.0,0.0,0.0,0.0,0.0,0.0,0.0,0.0
Stephen Eustáquio,MF,Canada,25-362,25,Porto,1996,2,2,125,14,0,0,0,0,0,0,0,0,0,0,0,0,2.0,2.0,2.0,3.0,13.0,11.0,24.0,13.0,24.0
Steve Mandanda,GK,France,37-265,37,Rennes,1985,1,1,90,1,0,0,0,0,0,0,0,0,0,0,0,0,0.0,0.0,0.0,0.0,0.0,0.0,0.0,0.0,0.0
Steven Berghuis,MF,Netherlands,30-364,30,Ajax,1991,4,1,200,22,0,1,0,0,0,1,0,0,45,45,0,45,3.0,3.0,1.0,3.0,13.0,4.0,17.0,13.0,17.0
Steven Bergwijn,FW,Netherlands,25-071,25,Ajax,1997,4,3,213,24,0,0,0,0,0,1,0,0,0,0,0,0,5.0,5.0,0.0,5.0,21.0,0.0,21.0,21.0,21.0
Steven Vitória,DF,Canada,35-341,35,Chaves,1987,3,3,270,3,0,0,0,0,0,1,0,0,0,0,0,0,0.0,0.0,0.0,0.0,0.0,0.0,0.0,0.0,0.0
Strahinja Pavlović,DF,Serbia,21-208,21,RB Salzburg,2001,3,3,235,26,1,0,1,0,0,2,0,38,0,38,38,38,2.0,2.0,0.0,2.0,7.0,0.0,7.0,7.0,7.0
Sultan Al-Ghanam,DF,Saudi Arabia,28-226,28,Al-Nassr,1994,3,1,126,14,0,0,0,0,0,0,0,0,0,0,0,0,2.0,2.0,1.0,2.0,12.0,5.0,17.0,12.0,17.0
Taha Yassine Khenissi,FW,Tunisia,30-346,30,Kuwait SC,1992,2,0,29,3,0,0,0,0,0,1,0,0,0,0,0,0,0.0,0.0,1.0,2.0,6.0,45.0,51.0,6.0,51.0
Tajon Buchanan,MF,Canada,23-313,23,Club Brugge,1999,3,3,260,29,0,1,0,0,0,1,0,0,35,35,0,35,9.0,9.0,5.0,14.0,33.0,17.0,5.0,33.0,5.0
Takefusa Kubo,FW,Japan,21-197,21,Real Sociedad,2001,2,2,90,1,0,0,0,0,0,0,0,0,0,0,0,0,0.0,0.0,0.0,0.0,0.0,0.0,0.0,0.0,0.0
Takehiro Tomiyasu,DF,Japan,24-043,24,Arsenal,1998,3,1,187,21,0,0,0,0,0,0,0,0,0,0,0,0,0.0,0.0,2.0,2.0,0.0,11.0,11.0,0.0,11.0
Takuma Asano,FW,Japan,28-038,28,Bochum,1994,4,0,165,18,1,0,1,0,0,0,0,55,0,55,55,55,7.0,7.0,2.0,9.0,44.0,17.0,6.0,44.0,6.0
Takumi Minamino,FW,Japan,27-336,27,Monaco,1995,3,0,60,7,0,0,0,0,0,0,0,0,0,0,0,0,1.0,1.0,0.0,1.0,36.0,0.0,36.0,36.0,36.0
Tarek Salman,DF,Qatar,25-013,25,Al Sadd SC,1997,1,0,8,1,0,0,0,0,0,0,0,0,0,0,0,0,0.0,0.0,0.0,0.0,0.0,0.0,0.0,0.0,0.0
Tariq Lamptey,DF,Ghana,22-079,22,Brighton,2000,2,1,102,11,0,0,0,0,0,1,0,0,0,0,0,0,1.0,1.0,0.0,1.0,6.0,0.0,6.0,6.0,6.0
Teun Koopmeiners,MF,Netherlands,24-293,24,Atalanta,1998,5,1,219,24,0,1,0,0,0,1,0,0,41,41,0,41,1.0,1.0,2.0,3.0,4.0,9.0,13.0,4.0,13.0
Theo Hernández,DF,France,25-073,25,Milan,1997,6,5,508,56,1,2,1,0,0,1,0,18,35,53,18,53,4.0,4.0,12.0,16.0,7.0,22.0,29.0,7.0,29.0
Thiago Almada,MF,Argentina,21-236,21,Atlanta Utd,2001,1,0,7,1,0,0,0,0,0,0,0,0,0,0,0,0,0.0,0.0,2.0,2.0,0.0,316.0,316.0,0.0,316.0
Thiago Silva,DF,Brazil,38-087,38,Chelsea,1984,4,4,390,43,0,1,0,0,0,0,0,0,23,23,0,23,2.0,2.0,9.0,11.0,4.0,23.0,27.0,4.0,27.0
Thibaut Courtois,GK,Belgium,30-221,30,Real Madrid,1992,3,3,270,3,0,0,0,0,0,0,0,0,0,0,0,0,0.0,0.0,0.0,0.0,0.0,0.0,0.0,0.0,0.0
Thilo Kehrer,DF,Germany,26-088,26,West Ham,1996,1,1,69,8,0,0,0,0,0,1,0,0,0,0,0,0,0.0,0.0,0.0,0.0,0.0,0.0,0.0,0.0,0.0
Thomas Delaney,MF,Denmark,31-106,31,Sevilla,1991,1,1,44,5,0,0,0,0,0,0,0,0,0,0,0,0,0.0,0.0,0.0,0.0,0.0,0.0,0.0,0.0,0.0
Thomas Meunier,DF,Belgium,31-097,31,Dortmund,1991,3,2,211,23,0,0,0,0,0,1,0,0,0,0,0,0,2.0,2.0,5.0,7.0,9.0,21.0,3.0,9.0,3.0
Thomas Müller,FW,Germany,33-096,33,Bayern Munich,1989,3,3,201,22,0,0,0,0,0,0,0,0,0,0,0,0,3.0,3.0,6.0,9.0,14.0,28.0,42.0,14.0,42.0
Thomas Partey,MF,Ghana,29-188,29,Arsenal,1993,3,3,270,3,0,0,0,0,0,0,0,0,0,0,0,0,2.0,2.0,1.0,3.0,7.0,2.0,9.0,7.0,9.0
Thorgan Hazard,FW,Belgium,29-264,29,Dortmund,1993,2,1,106,12,0,0,0,0,0,0,0,0,0,0,0,0,0.0,0.0,13.0,13.0,0.0,107.0,107.0,0.0,107.0
Tim Ream,DF,United States,35-074,35,Fulham,1987,4,4,360,4,0,0,0,0,0,1,0,0,0,0,0,0,3.0,3.0,0.0,3.0,7.0,0.0,7.0,7.0,7.0
Timothy Castagne,DF,Belgium,27-013,27,Leicester City,1995,3,3,270,3,0,0,0,0,0,0,0,0,0,0,0,0,0.0,0.0,0.0,0.0,0.0,0.0,0.0,0.0,0.0
Timothy Weah,FW,United States,22-299,22,Lille,2000,4,4,316,35,1,0,1,0,0,0,0,28,0,28,28,28,6.0,6.0,4.0,11.0,18.0,12.0,31.0,18.0,31.0
Toby Alderweireld,DF,Belgium,33-291,33,Antwerp,1989,3,3,270,3,0,1,0,0,0,0,0,0,33,33,0,33,0.0,0.0,3.0,3.0,0.0,11.0,11.0,0.0,11.0
Trent Alexander-Arnold,DF,England,24-072,24,Liverpool,1998,1,0,34,4,0,0,0,0,0,0,0,0,0,0,0,0,0.0,0.0,0.0,0.0,0.0,0.0,0.0,0.0,0.0
Tyler Adams,MF,United States,23-307,23,Leeds United,1999,4,4,360,4,0,0,0,0,0,1,0,0,0,0,0,0,0.0,0.0,4.0,5.0,1.0,11.0,12.0,1.0,12.0
Unai Simón,GK,Spain,25-190,25,Athletic Club,1997,4,4,390,43,0,0,0,0,0,0,0,0,0,0,0,0,0.0,0.0,0.0,0.0,0.0,0.0,0.0,0.0,0.0
Uriel Antuna,FW,Mexico,25-119,25,Cruz Azul,1997,3,0,77,9,0,0,0,0,0,0,0,0,0,0,0,0,2.0,2.0,0.0,2.0,18.0,2.0,2.0,18.0,2.0
Vanja Milinković-Savić,GK,Serbia,25-301,25,Torino,1997,3,3,270,3,0,0,0,0,0,0,0,0,0,0,0,0,0.0,0.0,0.0,0.0,0.0,0.0,0.0,0.0,0.0
Victor Nelsson,DF,Denmark,24-065,24,Galatasaray,1998,1,1,90,1,0,0,0,0,0,0,0,0,0,0,0,0,0.0,0.0,0.0,0.0,0.0,0.0,0.0,0.0,0.0
Vincent Aboubakar,FW,Cameroon,30-330,30,Al-Nassr,1992,3,1,142,16,2,1,2,0,0,2,1,127,63,19,127,19,6.0,6.0,6.0,12.0,37.0,39.0,76.0,37.0,76.0
Vincent Janssen,FW,Netherlands,28-186,28,Antwerp,1994,2,1,86,1,0,0,0,0,0,0,0,0,0,0,0,0,1.0,1.0,0.0,1.0,9.0,4.0,13.0,9.0,13.0
Vinicius Júnior,FW,Brazil,22-159,22,Real Madrid,2000,4,4,299,33,1,2,1,0,0,0,0,3,6,9,3,9,1.0,1.0,7.0,17.0,3.0,2.0,5.0,3.0,5.0
Virgil van Dijk,DF,Netherlands,31-163,31,Liverpool,1991,5,5,480,53,0,0,0,0,0,0,0,0,0,0,0,0,2.0,2.0,1.0,3.0,4.0,3.0,7.0,4.0,7.0
Vitinha,MF,Portugal,22-308,22,Paris SG,2000,3,1,120,13,0,0,0,0,0,1,0,0,0,0,0,0,1.0,1.0,0.0,1.0,5.0,3.0,8.0,5.0,8.0
Wahbi Khazri,FW,Tunisia,31-313,31,Montpellier,1991,2,1,83,9,1,0,1,0,0,0,0,108,0,108,108,108,4.0,4.0,0.0,4.0,47.0,0.0,47.0,47.0,47.0
Wajdi Kechrida,DF,Tunisia,27-043,27,Atromitos,1995,3,1,111,12,0,0,0,0,0,1,0,0,0,0,0,0,0.0,0.0,1.0,1.0,0.0,8.0,8.0,0.0,8.0
Walid Cheddira,FW,Morocco,24-330,24,Bari,1998,2,0,64,7,0,0,0,0,0,2,1,0,0,0,0,0,5.0,5.0,0.0,5.0,124.0,0.0,124.0,124.0,124.0
Walker Zimmerman,DF,United States,29-213,29,Nashville,1993,4,3,279,31,0,0,0,0,0,0,0,0,0,0,0,0,1.0,1.0,0.0,1.0,2.0,0.0,2.0,2.0,2.0
Wataru Endo,MF,Japan,29-312,29,Stuttgart,1993,4,3,304,34,0,0,0,0,0,1,0,0,0,0,0,0,2.0,2.0,5.0,6.0,6.0,15.0,21.0,6.0,21.0
Wayne Hennessey,GK,Wales,35-328,35,Notteham Forest,1987,2,2,175,19,0,0,0,0,0,0,1,0,0,0,0,0,0.0,0.0,0.0,0.0,0.0,0.0,0.0,0.0,0.0
Weston McKennie,MF,United States,24-112,24,Juventus,1998,4,4,271,3,0,0,0,0,0,1,0,0,0,0,0,0,4.0,4.0,4.0,8.0,13.0,13.0,27.0,13.0,27.0
William Carvalho,MF,Portugal,30-255,30,Betis,1992,4,2,215,24,0,0,0,0,0,0,0,0,0,0,0,0,1.0,1.0,0.0,1.0,3.0,0.0,3.0,3.0,3.0
William Saliba,DF,France,21-269,21,Arsenal,2001,1,0,28,3,0,0,0,0,0,0,0,0,0,0,0,0,0.0,0.0,0.0,0.0,0.0,11.0,11.0,0.0,11.0
Wojciech Szczęsny,GK,Poland,32-244,32,Juventus,1990,4,4,360,4,0,0,0,0,0,0,0,0,0,0,0,0,0.0,0.0,0.0,0.0,0.0,0.0,0.0,0.0,0.0
Wout Weghorst,FW,Netherlands,30-133,30,Besiktas,1992,4,0,64,7,2,0,2,0,0,1,0,281,0,281,281,281,2.0,2.0,0.0,2.0,52.0,8.0,6.0,52.0,6.0
Wéverton,GK,Brazil,35-005,35,Palmeiras,1987,1,0,11,1,0,0,0,0,0,0,0,0,0,0,0,0,0.0,0.0,0.0,0.0,0.0,0.0,0.0,0.0,0.0
Xavi Simons,FW,Netherlands,19-241,19,PSV Eindhoven,2003,1,0,9,1,0,0,0,0,0,0,0,0,0,0,0,0,0.0,0.0,0.0,0.0,0.0,0.0,0.0,0.0,0.0
Xherdan Shaqiri,FW,Switzerland,31-069,31,Chicago Fire,1991,3,3,229,25,1,1,1,0,0,0,0,39,39,79,39,79,3.0,3.0,9.0,12.0,12.0,35.0,47.0,12.0,47.0
Yahya Attiat Allah,DF,Morocco,27-291,27,Wydad Casablanca,1995,6,2,318,35,0,1,0,0,0,0,0,0,28,28,0,28,2.0,2.0,12.0,14.0,7.0,37.0,44.0,7.0,44.0
Yahya Jabrane,MF,Morocco,31-183,31,Wydad Casablanca,1991,2,0,15,2,0,0,0,0,0,0,0,0,0,0,0,0,,,,,,,,,
Yann Sommer,GK,Switzerland,34-001,34,MGladbach,1988,3,3,270,3,0,0,0,0,0,0,0,0,0,0,0,0,0.0,0.0,0.0,0.0,0.0,0.0,0.0,0.0,0.0
Yannick Carrasco,FW,Belgium,29-105,29,Atlético Madrid,1993,2,2,116,13,0,0,0,0,0,1,0,0,0,0,0,0,3.0,3.0,0.0,3.0,22.0,0.0,22.0,22.0,22.0
Yasser Al-Shahrani,DF,Saudi Arabia,30-207,30,Al-Hilal,1992,1,1,89,1,0,0,0,0,0,0,0,0,0,0,0,0,0.0,0.0,0.0,0.0,0.0,0.0,0.0,0.0,0.0
Yassine Bounou,GK,Morocco,31-257,31,Sevilla,1991,6,6,570,63,0,0,0,0,0,0,0,0,0,0,0,0,0.0,0.0,0.0,0.0,0.0,0.0,0.0,0.0,0.0
Yassine Meriah,DF,Tunisia,29-169,29,Espérance de Tunis,1993,3,3,270,3,0,0,0,0,0,0,0,0,0,0,0,0,1.0,1.0,0.0,1.0,2.0,1.0,4.0,2.0,4.0
Yeltsin Tejeda,MF,Costa Rica,30-276,30,Club Sport Herediano,1992,3,3,269,3,1,1,1,0,0,0,0,33,33,67,33,67,4.0,4.0,1.0,5.0,14.0,2.0,17.0,14.0,17.0
Youri Tielemans,MF,Belgium,25-225,25,Leicester City,1997,3,1,95,11,0,0,0,0,0,0,0,0,0,0,0,0,0.0,0.0,1.0,1.0,0.0,7.0,7.0,0.0,7.0
Youssef En-Nesyri,FW,Morocco,25-200,25,Sevilla,1997,7,7,542,6,2,0,2,0,0,0,0,33,0,33,33,33,12.0,12.0,0.0,13.0,21.0,1.0,21.0,21.0,21.0
Youssef Msakni,MF,Tunisia,32-051,32,Al-Arabi SC,1990,2,2,169,19,0,0,0,0,0,0,0,0,0,0,0,0,5.0,5.0,6.0,12.0,29.0,34.0,62.0,29.0,62.0
Youssouf Fofana,MF,France,23-342,23,Monaco,1999,6,2,227,25,0,0,0,0,0,0,0,0,0,0,0,0,2.0,2.0,2.0,3.0,7.0,7.0,14.0,7.0,14.0
Youssouf Sabaly,DF,Senegal,29-288,29,Betis,1993,4,4,360,4,0,0,0,0,0,0,0,0,0,0,0,0,0.0,0.0,7.0,7.0,1.0,16.0,18.0,1.0,18.0
Youssoufa Moukoko,FW,Germany,18-028,18,Dortmund,2004,1,0,1,0,0,0,0,0,0,0,0,0,0,0,0,0,0.0,0.0,0.0,0.0,0.0,0.0,0.0,0.0,0.0
Youstin Salas,DF,Costa Rica,26-184,26,Deportivo Saprissa,1996,2,0,47,5,0,0,0,0,0,0,0,0,0,0,0,0,0.0,0.0,0.0,0.0,0.0,0.0,0.0,0.0,0.0
Yuki Soma,FW,Japan,25-296,25,Grampus,1997,1,1,81,9,0,0,0,0,0,0,0,0,0,0,0,0,2.0,2.0,0.0,2.0,21.0,0.0,21.0,21.0,21.0
Yunus Musah,MF,United States,20-019,20,Valencia,2002,4,4,343,38,0,0,0,0,0,0,0,0,0,0,0,0,3.0,3.0,1.0,4.0,8.0,2.0,11.0,8.0,11.0
Yuto Nagatomo,MF,Japan,36-097,36,FC Tokyo,1986,4,4,209,23,0,0,0,0,0,0,0,0,0,0,0,0,0.0,0.0,1.0,1.0,0.0,5.0,5.0,0.0,5.0
Zakaria Aboukhlal,FW,Morocco,22-303,22,Toulouse,2000,4,0,79,9,1,0,1,0,0,0,0,114,0,114,114,114,1.0,1.0,0.0,1.0,116.0,0.0,116.0,116.0,116.0
Álvaro Morata,FW,Spain,30-056,30,Atlético Madrid,1992,4,1,185,21,3,1,3,0,0,0,0,146,49,195,146,195,14.0,14.0,2.0,16.0,79.0,14.0,93.0,79.0,93.0
Álvaro Zamora,MF,Costa Rica,20-284,20,Deportivo Saprissa,2002,1,0,30,3,0,0,0,0,0,0,0,0,0,0,0,0,0.0,0.0,0.0,0.0,0.0,0.0,0.0,0.0,0.0
Angel Correa,MF,Argentina,27-284,27,Atlético Madrid,1995,1,0,5,1,0,0,0,0,0,0,0,0,0,0,0,0,0.0,0.0,0.0,0.0,0.0,0.0,0.0,0.0,0.0
Angel Di María,MF,Argentina,34-307,34,Juventus,1988,5,4,288,32,1,1,1,0,0,0,0,31,31,62,31,62,8.0,8.0,6.0,14.0,27.0,2.0,46.0,27.0,46.0
Ángelo Preciado,DF,Ecuador,24-303,24,Genk,1998,3,3,264,29,0,1,0,0,0,0,0,0,34,34,0,34,1.0,1.0,4.0,5.0,2.0,14.0,17.0,2.0,17.0
Éder Militão,DF,Brazil,24-334,24,Real Madrid,1998,4,4,347,39,0,0,0,0,0,1,0,0,0,0,0,0,2.0,2.0,0.0,2.0,5.0,1.0,5.0,5.0,5.0
Óscar Duarte,DF,Costa Rica,33-198,33,Al-Wehda,1989,3,3,270,3,0,0,0,0,0,1,0,0,0,0,0,0,0.0,0.0,3.0,3.0,0.0,9.0,9.0,0.0,9.0
İlkay Gundogan,MF,Germany,32-055,32,Manchester City,1990,3,3,189,21,1,0,0,1,1,0,0,48,0,48,0,0,11.0,4.0,1.0,5.0,54.0,5.0,6.0,17.0,22.0
