ACTUAL ;Jugador;Posición;G;NUEVO;PAIS;MI ACTUAL 
Australia-Portraits-FIFA-World-Cup-Qatar-2022.png;Mathew Ryan;Portero;.png;Mathew Ryan.png;Australia;Australia-Portraits-FIFA-World-Cup-Qatar-2022
Australia-Portraits-FIFA-World-Cup-Qatar-2022 (1).png;Andrew Redmayne;Portero;.png;Andrew Redmayne.png;Australia;Australia-Portraits-FIFA-World-Cup-Qatar-2022 (1)
Australia-Portraits-FIFA-World-Cup-Qatar-2022 (2).png;Danny Vukovic;Portero;.png;Danny Vukovic.png;Australia;Australia-Portraits-FIFA-World-Cup-Qatar-2022 (2)
Australia-Portraits-FIFA-World-Cup-Qatar-2022 (8).png;Aziz Behich;Defensor;.png;Aziz Behich.png;Australia;Australia-Portraits-FIFA-World-Cup-Qatar-2022 (8)
Australia-Portraits-FIFA-World-Cup-Qatar-2022 (3).png;Milos Degenek;Defensor;.png;Milos Degenek.png;Australia;Australia-Portraits-FIFA-World-Cup-Qatar-2022 (3)
Australia-Portraits-FIFA-World-Cup-Qatar-2022 (10).png;Thomas Deng;Defensor;.png;Thomas Deng.png;Australia;Australia-Portraits-FIFA-World-Cup-Qatar-2022 (10)
Australia-Portraits-FIFA-World-Cup-Qatar-2022 (11).png;Joel King;Defensor;.png;Joel King.png;Australia;Australia-Portraits-FIFA-World-Cup-Qatar-2022 (11)
Australia-Portraits-FIFA-World-Cup-Qatar-2022 (4).png;Nathaniel Atkinson;Defensor;.png;Nathaniel Atkinson.png;Australia;Australia-Portraits-FIFA-World-Cup-Qatar-2022 (4)
Australia-Portraits-FIFA-World-Cup-Qatar-2022 (6).png;Fran Karacic;Defensor;.png;Fran Karacic.png;Australia;Australia-Portraits-FIFA-World-Cup-Qatar-2022 (6)
Australia-Portraits-FIFA-World-Cup-Qatar-2022 (9).png;Harry Souttar;Defensor;.png;Harry Souttar.png;Australia;Australia-Portraits-FIFA-World-Cup-Qatar-2022 (9)
Australia-Portraits-FIFA-World-Cup-Qatar-2022 (5).png;Kye Rowles;Defensor;.png;Kye Rowles.png;Australia;Australia-Portraits-FIFA-World-Cup-Qatar-2022 (5)
Australia-Portraits-FIFA-World-Cup-Qatar-2022 (17).png;Craig Goodwin;Defensor;.png;Craig Goodwin.png;Australia;Australia-Portraits-FIFA-World-Cup-Qatar-2022 (17)
Australia-Portraits-FIFA-World-Cup-Qatar-2022 (20).png;Aaron Mooy;Volante;.png;Aaron Mooy.png;Australia;Australia-Portraits-FIFA-World-Cup-Qatar-2022 (20)
Australia-Portraits-FIFA-World-Cup-Qatar-2022 (23).png;Jackson Irvine;Volante;.png;Jackson Irvine.png;Australia;Australia-Portraits-FIFA-World-Cup-Qatar-2022 (23)
Australia-Portraits-FIFA-World-Cup-Qatar-2022 (19).png;Ajdin Hrustic;Volante;.png;Ajdin Hrustic.png;Australia;Australia-Portraits-FIFA-World-Cup-Qatar-2022 (19)
Australia-Portraits-FIFA-World-Cup-Qatar-2022 (7).png;Bailey Wright;Volante;.png;Bailey Wright.png;Australia;Australia-Portraits-FIFA-World-Cup-Qatar-2022 (7)
Australia-Portraits-FIFA-World-Cup-Qatar-2022 (22).png;Cameron Devlin;Volante;.png;Cameron Devlin.png;Australia;Australia-Portraits-FIFA-World-Cup-Qatar-2022 (22)
Australia-Portraits-FIFA-World-Cup-Qatar-2022 (21).png;Riley McGree;Volante;.png;Riley McGree.png;Australia;Australia-Portraits-FIFA-World-Cup-Qatar-2022 (21)
Australia-Portraits-FIFA-World-Cup-Qatar-2022 (24).png;Keanu Baccus;Volante;.png;Keanu Baccus.png;Australia;Australia-Portraits-FIFA-World-Cup-Qatar-2022 (24)
Australia-Portraits-FIFA-World-Cup-Qatar-2022 (14).png;Awer Mabil ;Delantero;.png;Awer Mabil .png;Australia;Australia-Portraits-FIFA-World-Cup-Qatar-2022 (14)
Australia-Portraits-FIFA-World-Cup-Qatar-2022 (12).png;Mathew Leckie;Delantero;.png;Mathew Leckie.png;Australia;Australia-Portraits-FIFA-World-Cup-Qatar-2022 (12)
432015.png;Marco Tilio;Delantero;.png;Marco Tilio.png;Australia;432015
Australia-Portraits-FIFA-World-Cup-Qatar-2022 (13).png;James Maclaren;Delantero;.png;James Maclaren.png;Australia;Australia-Portraits-FIFA-World-Cup-Qatar-2022 (13)
Australia-Portraits-FIFA-World-Cup-Qatar-2022 (18).png;Jason Cummings;Delantero;.png;Jason Cummings.png;Australia;Australia-Portraits-FIFA-World-Cup-Qatar-2022 (18)
Australia-Portraits-FIFA-World-Cup-Qatar-2022 (15).png;Mitchell Duke;Delantero;.png;Mitchell Duke.png;Australia;Australia-Portraits-FIFA-World-Cup-Qatar-2022 (15)
Australia-Portraits-FIFA-World-Cup-Qatar-2022 (16).png;Garang Kuol;Delantero;.png;Garang Kuol.png;Australia;Australia-Portraits-FIFA-World-Cup-Qatar-2022 (16)
1441665544.png;DT James Arnold;DT;.png;DT James Arnold.png;Australia;1441665544
1443091999.png;André Onana;Portero;.png;André Onana.png;Cameroon;1443091999
1443091942.png;Simon Ngapandouetnbu;Portero;.png;Simon Ngapandouetnbu.png;Cameroon;1443091942
1443091973.png;Devis Epassy;Portero;.png;Devis Epassy.png;Cameroon;1443091973
1443093839.png;Jean-Charles Castelletto;Defensor;.png;Jean-Charles Castelletto.png;Cameroon;1443093839
1443092573.png;Enzo Ebosse;Defensor;.png;Enzo Ebosse.png;Cameroon;1443092573
1443092600.png;Collins Fai;Defensor;.png;Collins Fai.png;Cameroon;1443092600
1443092701.png;Nouhou Tolo;Defensor;.png;Nouhou Tolo.png;Cameroon;1443092701
1443092956.png;Olivier Mbaizo;Defensor;.png;Olivier Mbaizo.png;Cameroon;1443092956
1443092996.png;Nicolas Nkoulou;Defensor;.png;Nicolas Nkoulou.png;Cameroon;1443092996
1443092734.png;Christopher Wooh;Defensor;.png;Christopher Wooh.png;Cameroon;1443092734
1443092016.png;Olivier Ntcham;Volante;.png;Olivier Ntcham.png;Cameroon;1443092016
1443093727.png;Gael Ondoa;Volante;.png;Gael Ondoa.png;Cameroon;1443093727
1443092904.png;Martin Hongla;Volante;.png;Martin Hongla.png;Cameroon;1443092904
1443092769.png;Pierre Kunde;Volante;.png;Pierre Kunde.png;Cameroon;1443092769
1443092860.png;Samuel Oum Gouet;Volante;.png;Samuel Oum Gouet.png;Cameroon;1443092860
1443093055.png;André-Frank Zambo Anguissa;Volante;.png;André-Frank Zambo Anguissa.png;Cameroon;1443093055
1443093122.png;Moumi Ngamaleu;Volante;.png;Moumi Ngamaleu.png;Cameroon;1443093122
1443093900.png;Jérôme Ngom Mbekeli;Volante;.png;Jérôme Ngom Mbekeli.png;Cameroon;1443093900
1443093764.png;Souaibou Marou;Delantero;.png;Souaibou Marou.png;Cameroon;1443093764
1443092549.png;Christian Bassogog;Delantero;.png;Christian Bassogog.png;Cameroon;1443092549
1443092641.png;Bryan Mbeumo;Delantero;.png;Bryan Mbeumo.png;Cameroon;1443092641
1443092811.png;Jean-Pierre Nsame;Delantero;.png;Jean-Pierre Nsame.png;Cameroon;1443092811
1443093506.png;Georges-Kévin Nkoudou;Delantero;.png;Georges-Kévin Nkoudou.png;Cameroon;1443093506
1443093953.png;Karl Toko Ekambi;Delantero;.png;Karl Toko Ekambi.png;Cameroon;1443093953
1443093024.png;Vincent Aboubakar;Delantero;.png;Vincent Aboubakar.png;Cameroon;1443093024
Eric-Maxim-Choupo-Moting.png;Eric Maxim Choupo-Moting;Delantero;.png;Eric Maxim Choupo-Moting.png;Cameroon;Eric-Maxim-Choupo-Moting
1443091910.png;DT Song Bahanag;;.png;DT Song Bahanag.png;Cameroon;1443091910
1442830156.png;Thibaut Courtois    ;Portero;.png;Thibaut Courtois    .png;Belgium;1442830156
1442830179.png;Simon Mignolet    ;Portero;.png;Simon Mignolet    .png;Belgium;1442830179
1442830192.png;Koen Casteels    ;Portero;.png;Koen Casteels    .png;Belgium;1442830192
1442831258.png;Toby Alderweireld    ;Defensor;.png;Toby Alderweireld    .png;Belgium;1442831258
1442831205.png;Arthur Theate;Defensor;.png;Arthur Theate.png;Belgium;1442831205
1442830885.png;Wout Faes    ;Defensor;.png;Wout Faes    .png;Belgium;1442830885
1442831389.png;Jan Vertonghen    ;Defensor;.png;Jan Vertonghen    .png;Belgium;1442831389
1442831098.png;Thomas Meunier    ;Defensor;.png;Thomas Meunier    .png;Belgium;1442831098
1442830230.png;Timothy Castagne    ;Defensor;.png;Timothy Castagne    .png;Belgium;1442830230
1442830845.png;Zeno Debast    ;Defensor;.png;Zeno Debast    .png;Belgium;1442830845
1442830273.png;Kevin de Bruyne    ;Mediocampista;.png;Kevin de Bruyne    .png;Belgium;1442830273
1442830251.png;Hans Vanaken    ;Mediocampista;.png;Hans Vanaken    .png;Belgium;1442830251
1442831162.png;Youri Tielemans    ;Mediocampista;.png;Youri Tielemans    .png;Belgium;1442831162
1442830927.png;Leander Dendoncker    ;Mediocampista;.png;Leander Dendoncker    .png;Belgium;1442830927
1442831239.png;Amadou Onana    ;Mediocampista;.png;Amadou Onana    .png;Belgium;1442831239
1442830873.png;Yannick Carrasco    ;Mediocampista;.png;Yannick Carrasco    .png;Belgium;1442830873
1442831359.png;Axel Witsel    ;Mediocampista;.png;Axel Witsel    .png;Belgium;1442831359
1442830290.png;Charles de Ketelaere    ;Mediocampista;.png;Charles de Ketelaere    .png;Belgium;1442830290
1442831271.png;Leandro Trossard    ;Mediocampista;.png;Leandro Trossard    .png;Belgium;1442831271
1442831048.png;Thorgan Hazard    ;Mediocampista;.png;Thorgan Hazard    .png;Belgium;1442831048
1442831418.png;Romelu Lukaku    ;Delantero;.png;Romelu Lukaku    .png;Belgium;1442831418
1442831198.png;Michy Batshuayi    ;Delantero;.png;Michy Batshuayi    .png;Belgium;1442831198
1442831124.png;Dries Mertens    ;Delantero;.png;Dries Mertens    .png;Belgium;1442831124
1442831074.png;Eden Hazard    ;Delantero;.png;Eden Hazard    .png;Belgium;1442831074
1442831190.png;Lois Openda    ;Delantero;.png;Lois Openda    .png;Belgium;1442831190
1442830967.png;Jeremy Doku    ;Delantero;.png;Jeremy Doku    .png;Belgium;1442830967
1442830144.png;DT Martínez Montoliú;DT;.png;DT Martínez Montoliú.png;Belgium;1442830144
1441944281.png;Jordan Pickford;Portero;.png;Jordan Pickford.png;England;1441944281
1441944240.png;Nick Pope;Portero;.png;Nick Pope.png;England;1441944240
1441944075.png;Aaron Ramsdale;Portero;.png;Aaron Ramsdale.png;England;1441944075
1441945119.png;Kyle Walker;Defensor;.png;Kyle Walker.png;England;1441945119
1441945288.png;John Stones;Defensor;.png;John Stones.png;England;1441945288
1441945256.png;Harry Maguire;Defensor;.png;Harry Maguire.png;England;1441945256
1441944369.png;Eric Dier;Defensor;.png;Eric Dier.png;England;1441944369
1441945154.png;Kieran Trippier;Defensor;.png;Kieran Trippier.png;England;1441945154
1441945575.png;Luke Shaw;Defensor;.png;Luke Shaw.png;England;1441945575
1441945174.png;Trent Alexander-Arnold;Defensor;.png;Trent Alexander-Arnold.png;England;1441945174
1441945220.png;Conor Coady;Defensor;.png;Conor Coady.png;England;1441945220
1441945140.png;Ben White;Defensor;.png;Ben White.png;England;1441945140
1441945188.png;Jordan Henderson;Mediocampista;.png;Jordan Henderson.png;England;1441945188
1441944538.png;Declan Rice;Mediocampista;.png;Declan Rice.png;England;1441944538
1441944419.png;Mason Mount;Mediocampista;.png;Mason Mount.png;England;1441944419
1441945358.png;Kalvin Phillips;Mediocampista;.png;Kalvin Phillips.png;England;1441945358
1441945307.png;Jude Bellingham;Mediocampista;.png;Jude Bellingham.png;England;1441945307
1441944466.png;Conor Gallagher;Mediocampista;.png;Conor Gallagher.png;England;1441944466
1441945397.png;James Maddison;Delantero;.png;James Maddison.png;England;1441945397
1441945587.png;Jack Grealish;Delantero;.png;Jack Grealish.png;England;1441945587
1441945638.png;Phil Foden;Delantero;.png;Phil Foden.png;England;1441945638
1441945685.png;Harry Kane;Delantero;.png;Harry Kane.png;England;1441945685
1441945548.png;Raheem Sterling;Delantero;.png;Raheem Sterling.png;England;1441945548
1441944517.png;Marcus Rashford;Delantero;.png;Marcus Rashford.png;England;1441944517
1441944591.png;Bukayo Saka;Delantero;.png;Bukayo Saka.png;England;1441944591
1441945638 (1).png;Callum Wilson;Delantero;.png;Callum Wilson.png;England;1441945638 (1)
1441943999.png;DT Gareth Southgate;DT;.png;DT Gareth Southgate.png;England;1441943999
Morocco-Portraits-FIFA-World-Cup-Qatar-2022.png;Yassine Bono;Portero;.png;Yassine Bono.png;Morocco;Morocco-Portraits-FIFA-World-Cup-Qatar-2022
Morocco-Portraits-FIFA-World-Cup-Qatar-2022 (1).png;Munir;Portero;.png;Munir.png;Morocco;Morocco-Portraits-FIFA-World-Cup-Qatar-2022 (1)
Morocco-Portraits-FIFA-World-Cup-Qatar-2022 (2).png;Ahmed Reda Tagnaouti;Portero;.png;Ahmed Reda Tagnaouti.png;Morocco;Morocco-Portraits-FIFA-World-Cup-Qatar-2022 (2)
Morocco-Portraits-FIFA-World-Cup-Qatar-2022 (3).png;Achraf Hakimi;Defensor;.png;Achraf Hakimi.png;Morocco;Morocco-Portraits-FIFA-World-Cup-Qatar-2022 (3)
Morocco-Portraits-FIFA-World-Cup-Qatar-2022 (4).png;Noussair Mazraoui;Defensor;.png;Noussair Mazraoui.png;Morocco;Morocco-Portraits-FIFA-World-Cup-Qatar-2022 (4)
Morocco-Portraits-FIFA-World-Cup-Qatar-2022 (6).png;Romain Saiss;Defensor;.png;Romain Saiss.png;Morocco;Morocco-Portraits-FIFA-World-Cup-Qatar-2022 (6)
Morocco-Portraits-FIFA-World-Cup-Qatar-2022 (5).png;Nayef Aguerd ;Defensor;.png;Nayef Aguerd .png;Morocco;Morocco-Portraits-FIFA-World-Cup-Qatar-2022 (5)
Morocco-Portraits-FIFA-World-Cup-Qatar-2022 (8).png;Achraf Dari;Defensor;.png;Achraf Dari.png;Morocco;Morocco-Portraits-FIFA-World-Cup-Qatar-2022 (8)
Morocco-Portraits-FIFA-World-Cup-Qatar-2022 (7).png;Jawad El-Yamiq;Defensor;.png;Jawad El-Yamiq.png;Morocco;Morocco-Portraits-FIFA-World-Cup-Qatar-2022 (7)
Morocco-Portraits-FIFA-World-Cup-Qatar-2022 (10).png;Yahia Attiat-Allal;Defensor;.png;Yahia Attiat-Allal.png;Morocco;Morocco-Portraits-FIFA-World-Cup-Qatar-2022 (10)
Morocco-Portraits-FIFA-World-Cup-Qatar-2022 (9).png;Badr Benoun;Defensor;.png;Badr Benoun.png;Morocco;Morocco-Portraits-FIFA-World-Cup-Qatar-2022 (9)
Morocco-Portraits-FIFA-World-Cup-Qatar-2022 (11).png;Sofyan Amrabat;Mediocampista;.png;Sofyan Amrabat.png;Morocco;Morocco-Portraits-FIFA-World-Cup-Qatar-2022 (11)
Morocco-Portraits-FIFA-World-Cup-Qatar-2022 (16).png;Selim Amallah;Mediocampista;.png;Selim Amallah.png;Morocco;Morocco-Portraits-FIFA-World-Cup-Qatar-2022 (16)
Morocco-Portraits-FIFA-World-Cup-Qatar-2022 (21).png;Abdelhamid Sabiri;Mediocampista;.png;Abdelhamid Sabiri.png;Morocco;Morocco-Portraits-FIFA-World-Cup-Qatar-2022 (21)
Morocco-Portraits-FIFA-World-Cup-Qatar-2022 (13).png;Azzedine Ounahi;Mediocampista;.png;Azzedine Ounahi.png;Morocco;Morocco-Portraits-FIFA-World-Cup-Qatar-2022 (13)
Morocco-Portraits-FIFA-World-Cup-Qatar-2022 (18).png;Bilel El Khanouss;Mediocampista;.png;Bilel El Khanouss.png;Morocco;Morocco-Portraits-FIFA-World-Cup-Qatar-2022 (18)
Morocco-Portraits-FIFA-World-Cup-Qatar-2022 (19).png;Yahya Jabrane;Mediocampista;.png;Yahya Jabrane.png;Morocco;Morocco-Portraits-FIFA-World-Cup-Qatar-2022 (19)
Morocco-Portraits-FIFA-World-Cup-Qatar-2022 (12).png;Haim Ziyech;Delantero;.png;Haim Ziyech.png;Morocco;Morocco-Portraits-FIFA-World-Cup-Qatar-2022 (12)
Morocco-Portraits-FIFA-World-Cup-Qatar-2022 (23).png;Youssef En-Nesyri;Delantero;.png;Youssef En-Nesyri.png;Morocco;Morocco-Portraits-FIFA-World-Cup-Qatar-2022 (23)
Morocco-Portraits-FIFA-World-Cup-Qatar-2022 (17).png;Sofiane Boufal;Delantero;.png;Sofiane Boufal.png;Morocco;Morocco-Portraits-FIFA-World-Cup-Qatar-2022 (17)
Morocco-Portraits-FIFA-World-Cup-Qatar-2022 (15).png;Zakaria Aboukhlal;Delantero;.png;Zakaria Aboukhlal.png;Morocco;Morocco-Portraits-FIFA-World-Cup-Qatar-2022 (15)
Morocco-Portraits-FIFA-World-Cup-Qatar-2022 (22).png;Ez Abdé;Delantero;.png;Ez Abdé.png;Morocco;Morocco-Portraits-FIFA-World-Cup-Qatar-2022 (22)
1442764041.png;Anass Zaroury;Delantero;.png;Anass Zaroury.png;Morocco;1442764041
Morocco-Portraits-FIFA-World-Cup-Qatar-2022 (14).png;Ilias Chair;Delantero;.png;Ilias Chair.png;Morocco;Morocco-Portraits-FIFA-World-Cup-Qatar-2022 (14)
Morocco-Portraits-FIFA-World-Cup-Qatar-2022 (20).png;Abderrazak Hamdallah;Delantero;.png;Abderrazak Hamdallah.png;Morocco;Morocco-Portraits-FIFA-World-Cup-Qatar-2022 (20)
Morocco-Portraits-FIFA-World-Cup-Qatar-2022 (24).png;Walid Cheddira ;Delantero;.png;Walid Cheddira .png;Morocco;Morocco-Portraits-FIFA-World-Cup-Qatar-2022 (24)
Morocco-Portraits-FIFA-World-Cup-Qatar-2022 (25).png;DT Hoalid Regragui;DT;.png;DT Hoalid Regragui.png;Morocco;Morocco-Portraits-FIFA-World-Cup-Qatar-2022 (25)
1442476218.png;Nawaf Al-Aqidi;Portero;.png;Nawaf Al-Aqidi.png;Saudi_Arabia;1442476218.png
1442476202.png;Mohammed Al-Owais;Portero;.png;Mohammed Al-Owais.png;Saudi_Arabia;1442476202
1442476147.png;Mohammed Al Rubaei;Portero;.png;Mohammed Al Rubaei.png;Saudi_Arabia;1442476147
1442476218.png;Nawaf Al-Aqidi;Portero;.png;Nawaf Al-Aqidi.png;Saudi_Arabia;1442476218
1442482644.png;Yasser Al-Shahrani;Defensor;.png;Yasser Al-Shahrani.png;Saudi_Arabia;1442482644
1442482349.png;Mohammed Al-Breik;Defensor;.png;Mohammed Al-Breik.png;Saudi_Arabia;1442482349
1442483955.png;Ali Al-Bulaihi;Defensor;.png;Ali Al-Bulaihi.png;Saudi_Arabia;1442483955
1442483111.png;Sultan Al-Ghanam;Defensor;.png;Sultan Al-Ghanam.png;Saudi_Arabia;1442483111
1442480785.png;Saud Abdulhamid;Defensor;.png;Saud Abdulhamid.png;Saudi_Arabia;1442480785
1442482940.png;Abdulelah Al-Amri;Defensor;.png;Abdulelah Al-Amri.png;Saudi_Arabia;1442482940
1442480765.png;Hassan Tambakti;Defensor;.png;Hassan Tambakti.png;Saudi_Arabia;1442480765
1442477144.png;Abdullah Madu;Defensor;.png;Abdullah Madu.png;Saudi_Arabia;1442477144
1442476890.png;Salem Al-Dawsari;Mediocampista;.png;Salem Al-Dawsari.png;Saudi_Arabia;1442476890
1442483914.png;Salman Al-Faraj;Mediocampista;.png;Salman Al-Faraj.png;Saudi_Arabia;1442483914
1442482992.png;Abdullah Otayf;Mediocampista;.png;Abdullah Otayf.png;Saudi_Arabia;1442482992
1442483861.png;Hattan Bahebri;Mediocampista;.png;Hattan Bahebri.png;Saudi_Arabia;1442483861
1442482688.png;Mohamed Kanno;Mediocampista;.png;Mohamed Kanno.png;Saudi_Arabia;1442482688
1442483822.png;Abdulellah Al-Malki;Mediocampista;.png;Abdulellah Al-Malki.png;Saudi_Arabia;1442483822
1442480515.png;Sami Al-Najei;Mediocampista;.png;Sami Al-Najei.png;Saudi_Arabia;1442480515
1442480030.png;Ali Al-Hassan;Mediocampista;.png;Ali Al-Hassan.png;Saudi_Arabia;1442480030
1442480681.png;Nasser Al-Dawsari;Mediocampista;.png;Nasser Al-Dawsari.png;Saudi_Arabia;1442480681
1442480439.png;Riyadh Sharahili;Mediocampista;.png;Riyadh Sharahili.png;Saudi_Arabia;1442480439
1442477752.png;Abdulrahman Al-Aboud;Mediocampista;.png;Abdulrahman Al-Aboud.png;Saudi_Arabia;1442477752
1442480805.png;Firas Al-Buraikan;Delantero;.png;Firas Al-Buraikan.png;Saudi_Arabia;1442480805
1442480014.png;Nawaf Al-Abed;Delantero;.png;Nawaf Al-Abed.png;Saudi_Arabia;1442480014
1442480114.png;Saleh Al-Shehri;Delantero;.png;Saleh Al-Shehri.png;Saudi_Arabia;1442480114
1442482198.png;Haitham Asiri;Delantero;.png;Haitham Asiri.png;Saudi_Arabia;1442482198
1442475785.png;DT Hervé Renard;DT;.png;DT Hervé Renard.png;Saudi_Arabia;1442475785