,ACTUAL,Jugador,Posición,G,NUEVO,PAIS,MI ACTUAL 
0,Australia-Portraits-FIFA-World-Cup-Qatar-2022.png,Mathew Ryan,Portero,.png,Mathew Ryan.png,Australia,Australia-Portraits-FIFA-World-Cup-Qatar-2022
1,Australia-Portraits-FIFA-World-Cup-Qatar-2022 (1).png,Andrew Redmayne,Portero,.png,Andrew Redmayne.png,Australia,Australia-Portraits-FIFA-World-Cup-Qatar-2022 (1)
2,Australia-Portraits-FIFA-World-Cup-Qatar-2022 (2).png,Danny Vukovic,Portero,.png,Danny Vukovic.png,Australia,Australia-Portraits-FIFA-World-Cup-Qatar-2022 (2)
3,Australia-Portraits-FIFA-World-Cup-Qatar-2022 (8).png,Aziz Behich,Defensa,.png,Aziz Behich.png,Australia,Australia-Portraits-FIFA-World-Cup-Qatar-2022 (8)
4,Australia-Portraits-FIFA-World-Cup-Qatar-2022 (3).png,Milos Degenek,Defensa,.png,Milos Degenek.png,Australia,Australia-Portraits-FIFA-World-Cup-Qatar-2022 (3)
5,Australia-Portraits-FIFA-World-Cup-Qatar-2022 (10).png,Thomas Deng,Defensa,.png,Thomas Deng.png,Australia,Australia-Portraits-FIFA-World-Cup-Qatar-2022 (10)
6,Australia-Portraits-FIFA-World-Cup-Qatar-2022 (11).png,Joel King,Defensa,.png,Joel King.png,Australia,Australia-Portraits-FIFA-World-Cup-Qatar-2022 (11)
7,Australia-Portraits-FIFA-World-Cup-Qatar-2022 (4).png,Nathaniel Atkinson,Defensa,.png,Nathaniel Atkinson.png,Australia,Australia-Portraits-FIFA-World-Cup-Qatar-2022 (4)
8,Australia-Portraits-FIFA-World-Cup-Qatar-2022 (6).png,Fran Karacic,Defensa,.png,Fran Karacic.png,Australia,Australia-Portraits-FIFA-World-Cup-Qatar-2022 (6)
9,Australia-Portraits-FIFA-World-Cup-Qatar-2022 (9).png,Harry Souttar,Defensa,.png,Harry Souttar.png,Australia,Australia-Portraits-FIFA-World-Cup-Qatar-2022 (9)
10,Australia-Portraits-FIFA-World-Cup-Qatar-2022 (5).png,Kye Rowles,Defensa,.png,Kye Rowles.png,Australia,Australia-Portraits-FIFA-World-Cup-Qatar-2022 (5)
11,Australia-Portraits-FIFA-World-Cup-Qatar-2022 (17).png,Craig Goodwin,Defensa,.png,Craig Goodwin.png,Australia,Australia-Portraits-FIFA-World-Cup-Qatar-2022 (17)
12,Australia-Portraits-FIFA-World-Cup-Qatar-2022 (20).png,Aaron Mooy,Mediocampo,.png,Aaron Mooy.png,Australia,Australia-Portraits-FIFA-World-Cup-Qatar-2022 (20)
13,Australia-Portraits-FIFA-World-Cup-Qatar-2022 (23).png,Jackson Irvine,Mediocampo,.png,Jackson Irvine.png,Australia,Australia-Portraits-FIFA-World-Cup-Qatar-2022 (23)
14,Australia-Portraits-FIFA-World-Cup-Qatar-2022 (19).png,Ajdin Hrustic,Mediocampo,.png,Ajdin Hrustic.png,Australia,Australia-Portraits-FIFA-World-Cup-Qatar-2022 (19)
15,Australia-Portraits-FIFA-World-Cup-Qatar-2022 (7).png,Bailey Wright,Mediocampo,.png,Bailey Wright.png,Australia,Australia-Portraits-FIFA-World-Cup-Qatar-2022 (7)
16,Australia-Portraits-FIFA-World-Cup-Qatar-2022 (22).png,Cameron Devlin,Mediocampo,.png,Cameron Devlin.png,Australia,Australia-Portraits-FIFA-World-Cup-Qatar-2022 (22)
17,Australia-Portraits-FIFA-World-Cup-Qatar-2022 (21).png,Riley McGree,Mediocampo,.png,Riley McGree.png,Australia,Australia-Portraits-FIFA-World-Cup-Qatar-2022 (21)
18,Australia-Portraits-FIFA-World-Cup-Qatar-2022 (24).png,Keanu Baccus,Mediocampo,.png,Keanu Baccus.png,Australia,Australia-Portraits-FIFA-World-Cup-Qatar-2022 (24)
19,Australia-Portraits-FIFA-World-Cup-Qatar-2022 (14).png,Awer Mabil ,Delantero,.png,Awer Mabil .png,Australia,Australia-Portraits-FIFA-World-Cup-Qatar-2022 (14)
20,Australia-Portraits-FIFA-World-Cup-Qatar-2022 (12).png,Mathew Leckie,Delantero,.png,Mathew Leckie.png,Australia,Australia-Portraits-FIFA-World-Cup-Qatar-2022 (12)
21,432015.png,Marco Tilio,Delantero,.png,Marco Tilio.png,Australia,432015
22,Australia-Portraits-FIFA-World-Cup-Qatar-2022 (13).png,James Maclaren,Delantero,.png,James Maclaren.png,Australia,Australia-Portraits-FIFA-World-Cup-Qatar-2022 (13)
23,Australia-Portraits-FIFA-World-Cup-Qatar-2022 (18).png,Jason Cummings,Delantero,.png,Jason Cummings.png,Australia,Australia-Portraits-FIFA-World-Cup-Qatar-2022 (18)
24,Australia-Portraits-FIFA-World-Cup-Qatar-2022 (15).png,Mitchell Duke,Delantero,.png,Mitchell Duke.png,Australia,Australia-Portraits-FIFA-World-Cup-Qatar-2022 (15)
25,Australia-Portraits-FIFA-World-Cup-Qatar-2022 (16).png,Garang Kuol,Delantero,.png,Garang Kuol.png,Australia,Australia-Portraits-FIFA-World-Cup-Qatar-2022 (16)
26,1441665544.png,DT James Arnold,DT,.png,DT James Arnold.png,Australia,1441665544
27,1443091999.png,André Onana,Portero,.png,André Onana.png,Cameroon,1443091999
28,1443091942.png,Simon Ngapandouetnbu,Portero,.png,Simon Ngapandouetnbu.png,Cameroon,1443091942
29,1443091973.png,Devis Epassy,Portero,.png,Devis Epassy.png,Cameroon,1443091973
30,1443093839.png,Jean-Charles Castelletto,Defensa,.png,Jean-Charles Castelletto.png,Cameroon,1443093839
31,1443092573.png,Enzo Ebosse,Defensa,.png,Enzo Ebosse.png,Cameroon,1443092573
32,1443092600.png,Collins Fai,Defensa,.png,Collins Fai.png,Cameroon,1443092600
33,1443092701.png,Nouhou Tolo,Defensa,.png,Nouhou Tolo.png,Cameroon,1443092701
34,1443092956.png,Olivier Mbaizo,Defensa,.png,Olivier Mbaizo.png,Cameroon,1443092956
35,1443092996.png,Nicolas Nkoulou,Defensa,.png,Nicolas Nkoulou.png,Cameroon,1443092996
36,1443092734.png,Christopher Wooh,Defensa,.png,Christopher Wooh.png,Cameroon,1443092734
37,1443092016.png,Olivier Ntcham,Mediocampo,.png,Olivier Ntcham.png,Cameroon,1443092016
38,1443093727.png,Gael Ondoa,Mediocampo,.png,Gael Ondoa.png,Cameroon,1443093727
39,1443092904.png,Martin Hongla,Mediocampo,.png,Martin Hongla.png,Cameroon,1443092904
40,1443092769.png,Pierre Kunde,Mediocampo,.png,Pierre Kunde.png,Cameroon,1443092769
41,1443092860.png,Samuel Oum Gouet,Mediocampo,.png,Samuel Oum Gouet.png,Cameroon,1443092860
42,1443093055.png,André-Frank Zambo Anguissa,Mediocampo,.png,André-Frank Zambo Anguissa.png,Cameroon,1443093055
43,1443093122.png,Moumi Ngamaleu,Mediocampo,.png,Moumi Ngamaleu.png,Cameroon,1443093122
44,1443093900.png,Jérôme Ngom Mbekeli,Mediocampo,.png,Jérôme Ngom Mbekeli.png,Cameroon,1443093900
45,1443093764.png,Souaibou Marou,Delantero,.png,Souaibou Marou.png,Cameroon,1443093764
46,1443092549.png,Christian Bassogog,Delantero,.png,Christian Bassogog.png,Cameroon,1443092549
47,1443092641.png,Bryan Mbeumo,Delantero,.png,Bryan Mbeumo.png,Cameroon,1443092641
48,1443092811.png,Jean-Pierre Nsame,Delantero,.png,Jean-Pierre Nsame.png,Cameroon,1443092811
49,1443093506.png,Georges-Kévin Nkoudou,Delantero,.png,Georges-Kévin Nkoudou.png,Cameroon,1443093506
50,1443093953.png,Karl Toko Ekambi,Delantero,.png,Karl Toko Ekambi.png,Cameroon,1443093953
51,1443093024.png,Vincent Aboubakar,Delantero,.png,Vincent Aboubakar.png,Cameroon,1443093024
52,Eric-Maxim-Choupo-Moting.png,Eric Maxim Choupo-Moting,Delantero,.png,Eric Maxim Choupo-Moting.png,Cameroon,Eric-Maxim-Choupo-Moting
53,1443091910.png,DT Song Bahanag,,.png,DT Song Bahanag.png,Cameroon,1443091910
54,1442830156.png,Thibaut Courtois    ,Portero,.png,Thibaut Courtois    .png,Belgium,1442830156
55,1442830179.png,Simon Mignolet    ,Portero,.png,Simon Mignolet    .png,Belgium,1442830179
56,1442830192.png,Koen Casteels    ,Portero,.png,Koen Casteels    .png,Belgium,1442830192
57,1442831258.png,Toby Alderweireld    ,Defensa,.png,Toby Alderweireld    .png,Belgium,1442831258
58,1442831205.png,Arthur Theate,Defensa,.png,Arthur Theate.png,Belgium,1442831205
59,1442830885.png,Wout Faes    ,Defensa,.png,Wout Faes    .png,Belgium,1442830885
60,1442831389.png,Jan Vertonghen    ,Defensa,.png,Jan Vertonghen    .png,Belgium,1442831389
61,1442831098.png,Thomas Meunier    ,Defensa,.png,Thomas Meunier    .png,Belgium,1442831098
62,1442830230.png,Timothy Castagne    ,Defensa,.png,Timothy Castagne    .png,Belgium,1442830230
63,1442830845.png,Zeno Debast    ,Defensa,.png,Zeno Debast    .png,Belgium,1442830845
64,1442830273.png,Kevin de Bruyne    ,Mediocampo,.png,Kevin de Bruyne    .png,Belgium,1442830273
65,1442830251.png,Hans Vanaken    ,Mediocampo,.png,Hans Vanaken    .png,Belgium,1442830251
66,1442831162.png,Youri Tielemans    ,Mediocampo,.png,Youri Tielemans    .png,Belgium,1442831162
67,1442830927.png,Leander Dendoncker    ,Mediocampo,.png,Leander Dendoncker    .png,Belgium,1442830927
68,1442831239.png,Amadou Onana    ,Mediocampo,.png,Amadou Onana    .png,Belgium,1442831239
69,1442830873.png,Yannick Carrasco    ,Mediocampo,.png,Yannick Carrasco    .png,Belgium,1442830873
70,1442831359.png,Axel Witsel    ,Mediocampo,.png,Axel Witsel    .png,Belgium,1442831359
71,1442830290.png,Charles de Ketelaere    ,Mediocampo,.png,Charles de Ketelaere    .png,Belgium,1442830290
72,1442831271.png,Leandro Trossard    ,Mediocampo,.png,Leandro Trossard    .png,Belgium,1442831271
73,1442831048.png,Thorgan Hazard    ,Mediocampo,.png,Thorgan Hazard    .png,Belgium,1442831048
74,1442831418.png,Romelu Lukaku    ,Delantero,.png,Romelu Lukaku    .png,Belgium,1442831418
75,1442831198.png,Michy Batshuayi    ,Delantero,.png,Michy Batshuayi    .png,Belgium,1442831198
76,1442831124.png,Dries Mertens    ,Delantero,.png,Dries Mertens    .png,Belgium,1442831124
77,1442831074.png,Eden Hazard    ,Delantero,.png,Eden Hazard    .png,Belgium,1442831074
78,1442831190.png,Lois Openda    ,Delantero,.png,Lois Openda    .png,Belgium,1442831190
79,1442830967.png,Jeremy Doku    ,Delantero,.png,Jeremy Doku    .png,Belgium,1442830967
80,1442830144.png,DT Martínez Montoliú,DT,.png,DT Martínez Montoliú.png,Belgium,1442830144
81,1441944281.png,Jordan Pickford,Portero,.png,Jordan Pickford.png,England,1441944281
82,1441944240.png,Nick Pope,Portero,.png,Nick Pope.png,England,1441944240
83,1441944075.png,Aaron Ramsdale,Portero,.png,Aaron Ramsdale.png,England,1441944075
84,1441945119.png,Kyle Walker,Defensa,.png,Kyle Walker.png,England,1441945119
85,1441945288.png,John Stones,Defensa,.png,John Stones.png,England,1441945288
86,1441945256.png,Harry Maguire,Defensa,.png,Harry Maguire.png,England,1441945256
87,1441944369.png,Eric Dier,Defensa,.png,Eric Dier.png,England,1441944369
88,1441945154.png,Kieran Trippier,Defensa,.png,Kieran Trippier.png,England,1441945154
89,1441945575.png,Luke Shaw,Defensa,.png,Luke Shaw.png,England,1441945575
90,1441945174.png,Trent Alexander-Arnold,Defensa,.png,Trent Alexander-Arnold.png,England,1441945174
91,1441945220.png,Conor Coady,Defensa,.png,Conor Coady.png,England,1441945220
92,1441945140.png,Ben White,Defensa,.png,Ben White.png,England,1441945140
93,1441945188.png,Jordan Henderson,Mediocampo,.png,Jordan Henderson.png,England,1441945188
94,1441944538.png,Declan Rice,Mediocampo,.png,Declan Rice.png,England,1441944538
95,1441944419.png,Mason Mount,Mediocampo,.png,Mason Mount.png,England,1441944419
96,1441945358.png,Kalvin Phillips,Mediocampo,.png,Kalvin Phillips.png,England,1441945358
97,1441945307.png,Jude Bellingham,Mediocampo,.png,Jude Bellingham.png,England,1441945307
98,1441944466.png,Conor Gallagher,Mediocampo,.png,Conor Gallagher.png,England,1441944466
99,1441945397.png,James Maddison,Delantero,.png,James Maddison.png,England,1441945397
100,1441945587.png,Jack Grealish,Delantero,.png,Jack Grealish.png,England,1441945587
101,1441945638.png,Phil Foden,Delantero,.png,Phil Foden.png,England,1441945638
102,1441945685.png,Harry Kane,Delantero,.png,Harry Kane.png,England,1441945685
103,1441945548.png,Raheem Sterling,Delantero,.png,Raheem Sterling.png,England,1441945548
104,1441944517.png,Marcus Rashford,Delantero,.png,Marcus Rashford.png,England,1441944517
105,1441944591.png,Bukayo Saka,Delantero,.png,Bukayo Saka.png,England,1441944591
106,1441945638 (1).png,Callum Wilson,Delantero,.png,Callum Wilson.png,England,1441945638 (1)
107,1441943999.png,DT Gareth Southgate,DT,.png,DT Gareth Southgate.png,England,1441943999
108,Morocco-Portraits-FIFA-World-Cup-Qatar-2022.png,Yassine Bono,Portero,.png,Yassine Bono.png,Morocco,Morocco-Portraits-FIFA-World-Cup-Qatar-2022
109,Morocco-Portraits-FIFA-World-Cup-Qatar-2022 (1).png,Munir,Portero,.png,Munir.png,Morocco,Morocco-Portraits-FIFA-World-Cup-Qatar-2022 (1)
110,Morocco-Portraits-FIFA-World-Cup-Qatar-2022 (2).png,Ahmed Reda Tagnaouti,Portero,.png,Ahmed Reda Tagnaouti.png,Morocco,Morocco-Portraits-FIFA-World-Cup-Qatar-2022 (2)
111,Morocco-Portraits-FIFA-World-Cup-Qatar-2022 (3).png,Achraf Hakimi,Defensa,.png,Achraf Hakimi.png,Morocco,Morocco-Portraits-FIFA-World-Cup-Qatar-2022 (3)
112,Morocco-Portraits-FIFA-World-Cup-Qatar-2022 (4).png,Noussair Mazraoui,Defensa,.png,Noussair Mazraoui.png,Morocco,Morocco-Portraits-FIFA-World-Cup-Qatar-2022 (4)
113,Morocco-Portraits-FIFA-World-Cup-Qatar-2022 (6).png,Romain Saiss,Defensa,.png,Romain Saiss.png,Morocco,Morocco-Portraits-FIFA-World-Cup-Qatar-2022 (6)
114,Morocco-Portraits-FIFA-World-Cup-Qatar-2022 (5).png,Nayef Aguerd ,Defensa,.png,Nayef Aguerd .png,Morocco,Morocco-Portraits-FIFA-World-Cup-Qatar-2022 (5)
115,Morocco-Portraits-FIFA-World-Cup-Qatar-2022 (8).png,Achraf Dari,Defensa,.png,Achraf Dari.png,Morocco,Morocco-Portraits-FIFA-World-Cup-Qatar-2022 (8)
116,Morocco-Portraits-FIFA-World-Cup-Qatar-2022 (7).png,Jawad El-Yamiq,Defensa,.png,Jawad El-Yamiq.png,Morocco,Morocco-Portraits-FIFA-World-Cup-Qatar-2022 (7)
117,Morocco-Portraits-FIFA-World-Cup-Qatar-2022 (10).png,Yahia Attiat-Allal,Defensa,.png,Yahia Attiat-Allal.png,Morocco,Morocco-Portraits-FIFA-World-Cup-Qatar-2022 (10)
118,Morocco-Portraits-FIFA-World-Cup-Qatar-2022 (9).png,Badr Benoun,Defensa,.png,Badr Benoun.png,Morocco,Morocco-Portraits-FIFA-World-Cup-Qatar-2022 (9)
119,Morocco-Portraits-FIFA-World-Cup-Qatar-2022 (11).png,Sofyan Amrabat,Mediocampo,.png,Sofyan Amrabat.png,Morocco,Morocco-Portraits-FIFA-World-Cup-Qatar-2022 (11)
120,Morocco-Portraits-FIFA-World-Cup-Qatar-2022 (16).png,Selim Amallah,Mediocampo,.png,Selim Amallah.png,Morocco,Morocco-Portraits-FIFA-World-Cup-Qatar-2022 (16)
121,Morocco-Portraits-FIFA-World-Cup-Qatar-2022 (21).png,Abdelhamid Sabiri,Mediocampo,.png,Abdelhamid Sabiri.png,Morocco,Morocco-Portraits-FIFA-World-Cup-Qatar-2022 (21)
122,Morocco-Portraits-FIFA-World-Cup-Qatar-2022 (13).png,Azzedine Ounahi,Mediocampo,.png,Azzedine Ounahi.png,Morocco,Morocco-Portraits-FIFA-World-Cup-Qatar-2022 (13)
123,Morocco-Portraits-FIFA-World-Cup-Qatar-2022 (18).png,Bilel El Khanouss,Mediocampo,.png,Bilel El Khanouss.png,Morocco,Morocco-Portraits-FIFA-World-Cup-Qatar-2022 (18)
124,Morocco-Portraits-FIFA-World-Cup-Qatar-2022 (19).png,Yahya Jabrane,Mediocampo,.png,Yahya Jabrane.png,Morocco,Morocco-Portraits-FIFA-World-Cup-Qatar-2022 (19)
125,Morocco-Portraits-FIFA-World-Cup-Qatar-2022 (12).png,Haim Ziyech,Delantero,.png,Haim Ziyech.png,Morocco,Morocco-Portraits-FIFA-World-Cup-Qatar-2022 (12)
126,Morocco-Portraits-FIFA-World-Cup-Qatar-2022 (23).png,Youssef En-Nesyri,Delantero,.png,Youssef En-Nesyri.png,Morocco,Morocco-Portraits-FIFA-World-Cup-Qatar-2022 (23)
127,Morocco-Portraits-FIFA-World-Cup-Qatar-2022 (17).png,Sofiane Boufal,Delantero,.png,Sofiane Boufal.png,Morocco,Morocco-Portraits-FIFA-World-Cup-Qatar-2022 (17)
128,Morocco-Portraits-FIFA-World-Cup-Qatar-2022 (15).png,Zakaria Aboukhlal,Delantero,.png,Zakaria Aboukhlal.png,Morocco,Morocco-Portraits-FIFA-World-Cup-Qatar-2022 (15)
129,Morocco-Portraits-FIFA-World-Cup-Qatar-2022 (22).png,Ez Abdé,Delantero,.png,Ez Abdé.png,Morocco,Morocco-Portraits-FIFA-World-Cup-Qatar-2022 (22)
130,1442764041.png,Anass Zaroury,Delantero,.png,Anass Zaroury.png,Morocco,1442764041
131,Morocco-Portraits-FIFA-World-Cup-Qatar-2022 (14).png,Ilias Chair,Delantero,.png,Ilias Chair.png,Morocco,Morocco-Portraits-FIFA-World-Cup-Qatar-2022 (14)
132,Morocco-Portraits-FIFA-World-Cup-Qatar-2022 (20).png,Abderrazak Hamdallah,Delantero,.png,Abderrazak Hamdallah.png,Morocco,Morocco-Portraits-FIFA-World-Cup-Qatar-2022 (20)
133,Morocco-Portraits-FIFA-World-Cup-Qatar-2022 (24).png,Walid Cheddira ,Delantero,.png,Walid Cheddira .png,Morocco,Morocco-Portraits-FIFA-World-Cup-Qatar-2022 (24)
134,Morocco-Portraits-FIFA-World-Cup-Qatar-2022 (25).png,DT Hoalid Regragui,DT,.png,DT Hoalid Regragui.png,Morocco,Morocco-Portraits-FIFA-World-Cup-Qatar-2022 (25)
135,1442476218.png,Nawaf Al-Aqidi,Portero,.png,Nawaf Al-Aqidi.png,Saudi_Arabia,1442476218.png
136,1442476202.png,Mohammed Al-Owais,Portero,.png,Mohammed Al-Owais.png,Saudi_Arabia,1442476202
137,1442476147.png,Mohammed Al Rubaei,Portero,.png,Mohammed Al Rubaei.png,Saudi_Arabia,1442476147
138,1442476218.png,Nawaf Al-Aqidi,Portero,.png,Nawaf Al-Aqidi.png,Saudi_Arabia,1442476218
139,1442482644.png,Yasser Al-Shahrani,Defensa,.png,Yasser Al-Shahrani.png,Saudi_Arabia,1442482644
140,1442482349.png,Mohammed Al-Breik,Defensa,.png,Mohammed Al-Breik.png,Saudi_Arabia,1442482349
141,1442483955.png,Ali Al-Bulaihi,Defensa,.png,Ali Al-Bulaihi.png,Saudi_Arabia,1442483955
142,1442483111.png,Sultan Al-Ghanam,Defensa,.png,Sultan Al-Ghanam.png,Saudi_Arabia,1442483111
143,1442480785.png,Saud Abdulhamid,Defensa,.png,Saud Abdulhamid.png,Saudi_Arabia,1442480785
144,1442482940.png,Abdulelah Al-Amri,Defensa,.png,Abdulelah Al-Amri.png,Saudi_Arabia,1442482940
145,1442480765.png,Hassan Tambakti,Defensa,.png,Hassan Tambakti.png,Saudi_Arabia,1442480765
146,1442477144.png,Abdullah Madu,Defensa,.png,Abdullah Madu.png,Saudi_Arabia,1442477144
147,1442476890.png,Salem Al-Dawsari,Mediocampo,.png,Salem Al-Dawsari.png,Saudi_Arabia,1442476890
148,1442483914.png,Salman Al-Faraj,Mediocampo,.png,Salman Al-Faraj.png,Saudi_Arabia,1442483914
149,1442482992.png,Abdullah Otayf,Mediocampo,.png,Abdullah Otayf.png,Saudi_Arabia,1442482992
150,1442483861.png,Hattan Bahebri,Mediocampo,.png,Hattan Bahebri.png,Saudi_Arabia,1442483861
151,1442482688.png,Mohamed Kanno,Mediocampo,.png,Mohamed Kanno.png,Saudi_Arabia,1442482688
152,1442483822.png,Abdulellah Al-Malki,Mediocampo,.png,Abdulellah Al-Malki.png,Saudi_Arabia,1442483822
153,1442480515.png,Sami Al-Najei,Mediocampo,.png,Sami Al-Najei.png,Saudi_Arabia,1442480515
154,1442480030.png,Ali Al-Hassan,Mediocampo,.png,Ali Al-Hassan.png,Saudi_Arabia,1442480030
155,1442480681.png,Nasser Al-Dawsari,Mediocampo,.png,Nasser Al-Dawsari.png,Saudi_Arabia,1442480681
156,1442480439.png,Riyadh Sharahili,Mediocampo,.png,Riyadh Sharahili.png,Saudi_Arabia,1442480439
157,1442477752.png,Abdulrahman Al-Aboud,Mediocampo,.png,Abdulrahman Al-Aboud.png,Saudi_Arabia,1442477752
158,1442480805.png,Firas Al-Buraikan,Delantero,.png,Firas Al-Buraikan.png,Saudi_Arabia,1442480805
159,1442480014.png,Nawaf Al-Abed,Delantero,.png,Nawaf Al-Abed.png,Saudi_Arabia,1442480014
160,1442480114.png,Saleh Al-Shehri,Delantero,.png,Saleh Al-Shehri.png,Saudi_Arabia,1442480114
161,1442482198.png,Haitham Asiri,Delantero,.png,Haitham Asiri.png,Saudi_Arabia,1442482198
162,1442475785.png,DT Hervé Renard,DT,.png,DT Hervé Renard.png,Saudi_Arabia,1442475785
163,x,Emiliano Martínez,Portero,x,x,Argentina,x
164,x,Gerónimo Rulli,Portero,x,x,Argentina,x
165,x,Franco Armani,Portero,x,x,Argentina,x
166,x,Gonzalo Montiel,Defensa,x,x,Argentina,x
167,x,Nicolás Otamendi,Defensa,x,x,Argentina,x
168,x,Nahuel Molina ,Defensa,x,x,Argentina,x
169,x,Cristian Romero,Defensa,x,x,Argentina,x
170,x,Germán Pezzella,Defensa,x,x,Argentina,x
171,x,Lisandro Martínez,Defensa,x,x,Argentina,x
172,x,Marcos Acuña,Defensa,x,x,Argentina,x
173,x,Nicolás Tagliafico,Defensa,x,x,Argentina,x
174,x,Juan Foyth,Defensa,x,x,Argentina,x
175,x,Leandro Paredes,Mediocampo,x,x,Argentina,x
176,x,Guido Rodriguez,Mediocampo,x,x,Argentina,x
177,x,Rodrigo De Paul,Mediocampo,x,x,Argentina,x
178,x,Exequiel Palacios,Mediocampo,x,x,Argentina,x
179,x,Alexis MacAllister,Mediocampo,x,x,Argentina,x
180,x,Enzo Fernández,Mediocampo,x,x,Argentina,x
181,x,Ángel Di María,Mediocampo,x,x,Argentina,x
182,x,Alejandro Gómez,Mediocampo,x,x,Argentina,x
183,x,Thiago Almada,Mediocampo,x,x,Argentina,x
184,x,Ángel Correa,Delantero,x,x,Argentina,x
185,x,Julián Álvarez,Delantero,x,x,Argentina,x
186,x,Lautaro Martínez,Delantero,x,x,Argentina,x
187,x,Lionel Messi,Delantero,x,x,Argentina,x
188,x,Paulo Dybala,Delantero,x,x,Argentina,x
189,x,DT Lionel Scaloni,DT,x,x,Argentina,x
190,x,Alisson,Portero,x,x,Brazil,x
191,x,Éderson,Portero,x,x,Brazil,x
192,x,Weverton,Portero,x,x,Brazil,x
193,x,Dani Alves,Defensa,x,x,Brazil,x
194,x,Danilo,Defensa,x,x,Brazil,x
195,x,Alex Sandro,Defensa,x,x,Brazil,x
196,x,Alex Telles,Defensa,x,x,Brazil,x
197,x,Thiago Silva,Defensa,x,x,Brazil,x
198,x,Marquinhos,Defensa,x,x,Brazil,x
199,x,Éder Militao,Defensa,x,x,Brazil,x
200,x,Bremer,Defensa,x,x,Brazil,x
201,x,Fabinho,Mediocampo,x,x,Brazil,x
202,x,Casemiro,Mediocampo,x,x,Brazil,x
203,x,Fred,Mediocampo,x,x,Brazil,x
204,x,Bruno Guimaraes,Mediocampo,x,x,Brazil,x
205,x,Éverton Ribeiro,Mediocampo,x,x,Brazil,x
206,x,Lucas Paquetá,Mediocampo,x,x,Brazil,x
207,x,Neymar,Delantero,x,x,Brazil,x
208,x,Antony,Delantero,x,x,Brazil,x
209,x,Raphinha,Delantero,x,x,Brazil,x
210,x,Vinicius Júnior,Delantero,x,x,Brazil,x
211,x,Richarlison,Delantero,x,x,Brazil,x
212,x,Gabriel Jesus,Delantero,x,x,Brazil,x
213,x,Rodrygo,Delantero,x,x,Brazil,x
214,x,Pedro,Delantero,x,x,Brazil,x
215,x,Gabriel Martinelli,Delantero,x,x,Brazil,x
216,x,DT Tite,DT,x,x,Brazil,x
217,x,Moisés Ramírez,Portero,x,x,Ecuador,x
218,x,Alexander Domínguez,Portero,x,x,Ecuador,x
219,x,Hernán Galíndez,Portero,x,x,Ecuador,x
220,x,Piero Hincapié,Defensa,x,x,Ecuador,x
221,x,Robert Arboleda,Defensa,x,x,Ecuador,x
222,x,Pervis Estupiñán,Defensa,x,x,Ecuador,x
223,x,Angelo Preciado,Defensa,x,x,Ecuador,x
224,x,Jackson Porozo,Defensa,x,x,Ecuador,x
225,x,Xavier Arreaga,Defensa,x,x,Ecuador,x
226,x,Diego Palacios,Defensa,x,x,Ecuador,x
227,x,Félix Torres,Defensa,x,x,Ecuador,x
228,x,William Pacho,Defensa,x,x,Ecuador,x
229,x,Carlos Gruezo,Mediocampo,x,x,Ecuador,x
230,x,José Cifuentes,Mediocampo,x,x,Ecuador,x
231,x,Alan Franco,Mediocampo,x,x,Ecuador,x
232,x,Moisés Caicedo,Mediocampo,x,x,Ecuador,x
233,x,Ángel Mena,Mediocampo,x,x,Ecuador,x
234,x,Jeremy Sarmiento,Mediocampo,x,x,Ecuador,x
235,x,Jhegson Méndez,Mediocampo,x,x,Ecuador,x
236,x,Ayrton Preciado,Mediocampo,x,x,Ecuador,x
237,x,Gonzalo Plata,Mediocampo,x,x,Ecuador,x
238,x,Romario Ibarra,Mediocampo,x,x,Ecuador,x
239,x,Djorkaeff Reasco,Delantero,x,x,Ecuador,x
240,x,Kevin Rodríguez,Delantero,x,x,Ecuador,x
241,x,Michael Estrada,Delantero,x,x,Ecuador,x
242,x,Enner Valencia,Delantero,x,x,Ecuador,x
243,x,DT Gustavo Alfaro,DT,x,x,Ecuador,x
244,x,Eiji Kawashima,Portero,x,x,Japan,x
245,x,Shuichi Gonda,Portero,x,x,Japan,x
246,x,Daniel Schmidt,Portero,x,x,Japan,x
247,x,Yuto Nagatomo,Defensa,x,x,Japan,x
248,x,Maya Yoshida,Defensa,x,x,Japan,x
249,x,Hiroki Sakai,Defensa,x,x,Japan,x
250,x,Shogo Taniguchi,Defensa,x,x,Japan,x
251,x,Miki Yamane,Defensa,x,x,Japan,x
252,x,Ko Itakura,Defensa,x,x,Japan,x
253,x,Hiroki Ito ,Defensa,x,x,Japan,x
254,x,Takehiro Tomiyasu,Defensa,x,x,Japan,x
255,x,Gaku Shibasaki,Mediocampo,x,x,Japan,x
256,x,Wataru Endo,Mediocampo,x,x,Japan,x
257,x,Junya Ito,Mediocampo,x,x,Japan,x
258,x,Ritsu Doan,Mediocampo,x,x,Japan,x
259,x,Takumi Minamino,Mediocampo,x,x,Japan,x
260,x,Hidemasa Morita,Mediocampo,x,x,Japan,x
261,x,Daichi Kamada,Mediocampo,x,x,Japan,x
262,x,Yuki Soma,Mediocampo,x,x,Japan,x
263,x,Kaoru Mitoma,Mediocampo,x,x,Japan,x
264,x,Ao Tanaka,Mediocampo,x,x,Japan,x
265,x,Takefusa Kubo,Mediocampo,x,x,Japan,x
266,x,Daizen Maeda,Delantero,x,x,Japan,x
267,x,Takuma Asano,Delantero,x,x,Japan,x
268,x,Ayase Ueda,Delantero,x,x,Japan,x
269,x,Shuto Machino,Delantero,x,x,Japan,x
270,x,DT Hajime Moriyasu,DT,x,x,Japan,x
271,x,Kim Seung-gyu,Portero,x,x,Korea Republic,x
272,x,Jo Hyeon-woo,Portero,x,x,Korea Republic,x
273,x,Song Bum-keun,Portero,x,x,Korea Republic,x
274,x,Kim Young-gwon,Defensa,x,x,Korea Republic,x
275,x,Kim Jin-su,Defensa,x,x,Korea Republic,x
276,x,Hong Chul,Defensa,x,x,Korea Republic,x
277,x,Kim Min-jae,Defensa,x,x,Korea Republic,x
278,x,Kwon Kyung-won,Defensa,x,x,Korea Republic,x
279,x,Kim Moon-hwan,Defensa,x,x,Korea Republic,x
280,x,Kim Tae-hwan,Defensa,x,x,Korea Republic,x
281,x,Cho Yu-min,Defensa,x,x,Korea Republic,x
282,x,Yoon Jong-gyu,Defensa,x,x,Korea Republic,x
283,x,Son Heung-min,Mediocampo,x,x,Korea Republic,x
284,x,Jung Woo-young,Mediocampo,x,x,Korea Republic,x
285,x,Lee Jae-sung,Mediocampo,x,x,Korea Republic,x
286,x,Hwang Hee-chan,Mediocampo,x,x,Korea Republic,x
287,x,Kwon Chang-hoon,Mediocampo,x,x,Korea Republic,x
288,x,Hwang In-beom,Mediocampo,x,x,Korea Republic,x
289,x,Na Sang-ho,Mediocampo,x,x,Korea Republic,x
290,x,Son Jun-ho,Mediocampo,x,x,Korea Republic,x
291,x,Paik Seung-ho,Mediocampo,x,x,Korea Republic,x
292,x,Song Min-kyu,Mediocampo,x,x,Korea Republic,x
293,x,Jeong Woo-yeong,Mediocampo,x,x,Korea Republic,x
294,x,Lee Kang-in,Mediocampo,x,x,Korea Republic,x
295,x,Hwang Ui-jo,Delantero,x,x,Korea Republic,x
296,x,Cho Gue-sung,Delantero,x,x,Korea Republic,x
297,x,DT Jorge Gomes Bento,DT,x,x,Korea Republic,x
298,x,Guillermo Ochoa,Portero,x,x,Mexico,x
299,x,Alfredo Talavera,Portero,x,x,Mexico,x
300,x,Rodolfo Cota,Portero,x,x,Mexico,x
301,x,Kevin Álvarez,Defensa,x,x,Mexico,x
302,x,Néstor Araujo,Defensa,x,x,Mexico,x
303,x,Jesús Gallardo,Defensa,x,x,Mexico,x
304,x,Héctor Moreno,Defensa,x,x,Mexico,x
305,x,César Montes,Defensa,x,x,Mexico,x
306,x,Gerardo Arteaga,Defensa,x,x,Mexico,x
307,x,Jorge Sánchez,Defensa,x,x,Mexico,x
308,x,Johan Vásquez,Defensa,x,x,Mexico,x
309,x,Luis Romo,Mediocampo,x,x,Mexico,x
310,x,Uriel Antuna,Mediocampo,x,x,Mexico,x
311,x,Luis Chávez,Mediocampo,x,x,Mexico,x
312,x,Carlos Rodríguez,Mediocampo,x,x,Mexico,x
313,x,Edson Álvarez,Mediocampo,x,x,Mexico,x
314,x,Héctor Herrera,Mediocampo,x,x,Mexico,x
315,x,Erik Gutiérrez,Mediocampo,x,x,Mexico,x
316,x,Orbelín Pineda,Mediocampo,x,x,Mexico,x
317,x,Roberto Alvarado,Mediocampo,x,x,Mexico,x
318,x,Andrés Guardado,Mediocampo,x,x,Mexico,x
319,x,Rogelio Funes Mori,Delantero,x,x,Mexico,x
320,x,Henry Martín,Delantero,x,x,Mexico,x
321,x,Raúl Jiménez,Delantero,x,x,Mexico,x
322,x,Hirving Lozano,Delantero,x,x,Mexico,x
323,x,Alexis Vega,Delantero,x,x,Mexico,x
324,x,DT Daniel Martino,DT,x,x,Mexico,x
325,x,Diogo Costa,Portero,x,x,Portugal,x
326,x,Rui Patrício,Portero,x,x,Portugal,x
327,x,José Sá,Portero,x,x,Portugal,x
328,x,Joao Cancelo,Defensa,x,x,Portugal,x
329,x,Diogo Dalot,Defensa,x,x,Portugal,x
330,x,Pepe,Defensa,x,x,Portugal,x
331,x,Rúben Dias,Defensa,x,x,Portugal,x
332,x,Danilo Pereira,Defensa,x,x,Portugal,x
333,x,António Silva,Defensa,x,x,Portugal,x
334,x,Nuno Mendes,Defensa,x,x,Portugal,x
335,x,Raphael Guerreiro,Defensa,x,x,Portugal,x
336,x,William Carvalho,Mediocampo,x,x,Portugal,x
337,x,Rúben Neves,Mediocampo,x,x,Portugal,x
338,x,Palhinha,Mediocampo,x,x,Portugal,x
339,x,Bruno Fernandes,Mediocampo,x,x,Portugal,x
340,x,Vitinha,Mediocampo,x,x,Portugal,x
341,x,Otávio,Mediocampo,x,x,Portugal,x
342,x,Matheus Nunes,Mediocampo,x,x,Portugal,x
343,x,Bernardo Silva,Mediocampo,x,x,Portugal,x
344,x,Joao Mario,Mediocampo,x,x,Portugal,x
345,x,Cristiano Ronaldo,Delantero,x,x,Portugal,x
346,x,Joao Félix,Delantero,x,x,Portugal,x
347,x,Rafael Leao,Delantero,x,x,Portugal,x
348,x,Ricardo Horta,Delantero,x,x,Portugal,x
349,x,André Silva,Delantero,x,x,Portugal,x
350,x,Gonzalo Ramos,Delantero,x,x,Portugal,x
351,x,DT Fernando Costa,DT,x,x,Portugal,x
352,x,Saad Al Sheeb,Portero,x,x,Qatar,x
353,x,Meshaal Barsham,Portero,x,x,Qatar,x
354,x,Yousuf Hassan,Portero,x,x,Qatar,x
355,x,Pedro Miguel,Defensa,x,x,Qatar,x
356,x,Musaab Khidir,Defensa,x,x,Qatar,x
357,x,Tarek Salman,Defensa,x,x,Qatar,x
358,x,Bassam Al Rawi,Defensa,x,x,Qatar,x
359,x,Khoukhi Boualem,Defensa,x,x,Qatar,x
360,x,Abdelkarim Hassan,Defensa,x,x,Qatar,x
361,x,Homam Al Amin,Defensa,x,x,Qatar,x
362,x,Jassim Jabir,Defensa,x,x,Qatar,x
363,x,Ismaeel Mohammad,Mediocampo,x,x,Qatar,x
364,x,Ali Asad,Mediocampo,x,x,Qatar,x
365,x,Mohammed Waad,Mediocampo,x,x,Qatar,x
366,x,Salem Al Hajri,Mediocampo,x,x,Qatar,x
367,x,Assim Madibo,Mediocampo,x,x,Qatar,x
368,x,Mustafa Meshaal,Mediocampo,x,x,Qatar,x
369,x,Karim Boudiaf,Mediocampo,x,x,Qatar,x
370,x,Abdulaziz Hatim,Mediocampo,x,x,Qatar,x
371,x,Naif Al Hadhrami,Delantero,x,x,Qatar,x
372,x,Hassan Al Haydos,Delantero,x,x,Qatar,x
373,x,Akram Afif,Delantero,x,x,Qatar,x
374,x,Almoez Ali,Delantero,x,x,Qatar,x
375,x,Mohammed Muntari,Delantero,x,x,Qatar,x
376,x,Ahmed Alaa,Delantero,x,x,Qatar,x
377,x,Khalid Muneer,Delantero,x,x,Qatar,x
378,x,DT Félix Sánchez ,DT,x,x,Qatar,x
379,x,Unai Simón,Portero,x,x,Spain,x
380,x,Robert Sánchez,Portero,x,x,Spain,x
381,x,David Raya,Portero,x,x,Spain,x
382,x,Jordi Alba,Defensa,x,x,Spain,x
383,x,Daniel Carvajal,Defensa,x,x,Spain,x
384,x,Eric García,Defensa,x,x,Spain,x
385,x,Aymeric Laporte,Defensa,x,x,Spain,x
386,x,César Azpilicueta,Defensa,x,x,Spain,x
387,x,Pau Torres,Defensa,x,x,Spain,x
388,x,Alejandro Balde,Defensa,x,x,Spain,x
389,x,Hugo Guillamón,Defensa,x,x,Spain,x
390,x,Pedri,Mediocampo,x,x,Spain,x
391,x,Gavi,Mediocampo,x,x,Spain,x
392,x,Sergio Busquets,Mediocampo,x,x,Spain,x
393,x,Rodri,Mediocampo,x,x,Spain,x
394,x,Marcos Llorente,Mediocampo,x,x,Spain,x
395,x,Koke,Mediocampo,x,x,Spain,x
396,x,Carlos Soler,Mediocampo,x,x,Spain,x
397,x,Nico Williams,Delantero,x,x,Spain,x
398,x,Yéremy Pino,Delantero,x,x,Spain,x
399,x,Ansu Fati,Delantero,x,x,Spain,x
400,x,Ferran Torres,Delantero,x,x,Spain,x
401,x,Marco Asensio,Delantero,x,x,Spain,x
402,x,Álvaro Morata,Delantero,x,x,Spain,x
403,x,Dani Olmo,Delantero,x,x,Spain,x
404,x,Pablo Sarabia,Delantero,x,x,Spain,x
405,x,DT Luis Enrique,DT,x,x,Spain,x
406,x,Fernando Muslera ,Portero,x,x,Uruguay,x
407,x,Sergio Rochet,Portero,x,x,Uruguay,x
408,x,Sebastián Sosa,Portero,x,x,Uruguay,x
409,x,Ronald Araújo,Defensa,x,x,Uruguay,x
410,x,José M. Giménez,Defensa,x,x,Uruguay,x
411,x,Sebastián Coates,Defensa,x,x,Uruguay,x
412,x,Diego Godín,Defensa,x,x,Uruguay,x
413,x,Martín Cáceres,Defensa,x,x,Uruguay,x
414,x,Guillermo Varela,Defensa,x,x,Uruguay,x
415,x,José L. Rodríguez,Defensa,x,x,Uruguay,x
416,x,Mathias Olivera,Defensa,x,x,Uruguay,x
417,x,Matías Viña,Defensa,x,x,Uruguay,x
418,x,Lucas Torreira,Mediocampo,x,x,Uruguay,x
419,x,Manuel Ugarte,Mediocampo,x,x,Uruguay,x
420,x,Matías Vecino,Mediocampo,x,x,Uruguay,x
421,x,Rodrigo Bentancur,Mediocampo,x,x,Uruguay,x
422,x,Federico Valverde,Mediocampo,x,x,Uruguay,x
423,x,Facundo Pellistri,Mediocampo,x,x,Uruguay,x
424,x,Agustín Canobbio,Mediocampo,x,x,Uruguay,x
425,x,Nicolás De la Cruz,Mediocampo,x,x,Uruguay,x
426,x,Giorgian De Arrascaeta,Mediocampo,x,x,Uruguay,x
427,x,Maximiliano Gómez,Delantero,x,x,Uruguay,x
428,x,Facundo Torres,Delantero,x,x,Uruguay,x
429,x,Luis Suárez,Delantero,x,x,Uruguay,x
430,x,Edinson Cavani,Delantero,x,x,Uruguay,x
431,x,Darwin Núñez,Delantero,x,x,Uruguay,x
432,x,DT Diego Alonso,DT,x,x,Uruguay,x
433,x,Wayne Hennessey,Portero,x,x,Wales,x
434,x,Danny Ward,Portero,x,x,Wales,x
435,x,Adam Davies,Portero,x,x,Wales,x
436,x,Ben Davies,Defensa,x,x,Wales,x
437,x,Ben Cabango,Defensa,x,x,Wales,x
438,x,Tom Lockyer,Defensa,x,x,Wales,x
439,x,Joe Rodon,Defensa,x,x,Wales,x
440,x,Chris Mepham,Defensa,x,x,Wales,x
441,x,Ethan Ampadu,Defensa,x,x,Wales,x
442,x,Chris Gunter,Defensa,x,x,Wales,x
443,x,Neco Williams,Defensa,x,x,Wales,x
444,x,Connor Roberts,Defensa,x,x,Wales,x
445,x,Joe Allen,Mediocampo,x,x,Wales,x
446,x,Matt Smith,Mediocampo,x,x,Wales,x
447,x,Dylan Levitt,Mediocampo,x,x,Wales,x
448,x,Joe Morrell,Mediocampo,x,x,Wales,x
449,x,Jonny Williams,Mediocampo,x,x,Wales,x
450,x,Aaron Ramsey,Mediocampo,x,x,Wales,x
451,x,Harry Wilson,Mediocampo,x,x,Wales,x
452,x,Rubin Colwill,Delantero,x,x,Wales,x
453,x,Sorba Thomas,Delantero,x,x,Wales,x
454,x,Gareth Bale,Delantero,x,x,Wales,x
455,x,Kieffer Moore,Delantero,x,x,Wales,x
456,x,Mark Harris,Delantero,x,x,Wales,x
457,x,Brennan Johnson,Delantero,x,x,Wales,x
458,x,Dan James,Delantero,x,x,Wales,x
459,x,DT Robert  Pages,DT,x,x,Wales,x
460,1442303589.png,Manuel Neuer,Portero,.png,Manuel Neuer.png,Germany,1.442.303.589
461,1442303551.png,Ter Stegen,Portero,.png,Marc-Andre Ter Stegen.png,Germany,1.442.303.551
462,1442303503.png,Kevin Trapp,Portero,.png,Kevin Trapp.png,Germany,1.442.303.503
463,1442304727.png,Armel Bella-Kotchap,Defensa,.png,Armel Bella-Kotchap.png,Germany,1.442.304.727
464,1442304815.png,Matthias Ginter,Defensa,.png,Matthias Ginter.png,Germany,1.442.304.815
465,1442303992.png,Cristian Gunter,Defensa,.png,Cristian Gunter.png,Germany,1.442.303.992
466,1442304875.png,Thilo Kehrer,Defensa,.png,Thilo Kehrer.png,Germany,1.442.304.875
467,1442304114.png,Lukas Klostermann,Defensa,.png,Lukas Klostermann.png,Germany,1.442.304.114
468,1442303834.png,David Raum,Defensa,.png,David Raum.png,Germany,1.442.303.834
469,1442304912.png,Antonio Rudiger,Defensa,.png,Antonio Rudiger.png,Germany,1.442.304.912
470,1442304776.png,Nico Schlotterback,Defensa,.png,Nico Schlotterback.png,Germany,1.442.304.776
471,1442304073.png,Niklas Sule,Defensa,.png,Niklas Sule.png,Germany,1.442.304.073
472,1442303760.png,Mario Gotze,Mediocampo,.png,Mario Gotze.png,Germany,1.442.303.760
473,1442303863.png,Julian Brandt,Mediocampo,.png,Julian Brandt.png,Germany,1.442.303.863
474,1442304032.png,Jamal Musiala,Mediocampo,.png,Jamal Musiala.png,Germany,1.442.304.032
475,1442304709.png,Leon Goretzka,Mediocampo,.png,Leon Goretzka.png,Germany,1.442.304.709
476,1442303696.png,Ilkay Gundogan,Mediocampo,.png,Ilkay Gundogan.png,Germany,1.442.303.696
477,1442304640.png,Kai Havertz,Mediocampo,.png,Kai Havertz.png,Germany,1.442.304.640
478,1442303962.png,Jonas Hofmann,Mediocampo,.png,Jonas Hofmann.png,Germany,1.442.303.962
479,1442303808.png,Joshua Kimmich,Mediocampo,.png,Joshua Kimmich.png,Germany,1.442.303.808
480,1442303673.png,Youssoufa Moukoko,Delantero,.png,Youssoufa Moukoko.png,Germany,1.442.303.673
481,1442303887.png,Thomas Muller,Delantero,.png,Thomas Muller.png,Germany,1.442.303.887
482,1442303788.png,Leroy Sané,Delantero,.png,Leroy Sané.png,Germany,1.442.303.788
483,1442304691.png,Niclas Fullkrug,Delantero,.png,Niclas Fullkrug.png,Germany,1.442.304.691
484,1442303743.png,Serge Gnabry,Delantero,.png,Serge Gnabry.png,Germany,1.442.303.743
485,1442303644.png,Karim Adeyemi,Delantero,.png,Karim Adeyemi.png,Germany,1.442.303.644
486,1442303481.png,DT Hans-Dieter Flick,DT,.png,DT Hans-Dieter Flick.png,Germany,1.442.303.481
487,1442775085.png,Keylor Navas,Portero,.png,Keylor Navas.png,Costa Rica,1.442.775.085
488,1442775253.png,Esteban Alvarado,Portero,.png,Esteban Alvarado.png,Costa Rica,1.442.775.253
489,1442775316.png,Patrick Sequeira,Portero,.png,Patrick Sequeira.png,Costa Rica,1.442.775.316
490,1442777065.png,Francisco Calvo,Defensa,.png,Francisco Calvo.png,Costa Rica,1.442.777.065
491,1442776669.png,Juan Pablo Vargas,Defensa,.png,Juan Pablo Vargas.png,Costa Rica,1.442.776.669
492,1442776008.png,Kendall Waston,Defensa,.png,Kendall Waston.png,Costa Rica,1.442.776.008
493,1442776737.png,Óscar Duarte,Defensa,.png,Óscar Duarte.png,Costa Rica,1.442.776.737
494,1442777372.png,Daniel Chacón,Defensa,.png,Daniel Chacón.png,Costa Rica,1.442.777.372
495,1442777515.png,Keysher Fuller,Defensa,.png,Keysher Fuller.png,Costa Rica,1.442.777.515
496,1442776713.png,Carlos Martínez,Defensa,.png,Carlos Martínez.png,Costa Rica,1.442.776.713
497,Bryan-Oviedo.png,Bryan Oviedo,Defensa,.png,Bryan Oviedo.png,Costa Rica,Bryan-Oviedo
498,1442777022.png,Ronald Matarrita,Defensa,.png,Ronald Matarrita.png,Costa Rica,1.442.777.022
499,1442776873.png,Yeltsin Tejeda,Mediocampo,.png,Yeltsin Tejeda.png,Costa Rica,1.442.776.873
500,1442777106.png,Celso Borges,Mediocampo,.png,Celso Borges.png,Costa Rica,1.442.777.106
501,1442777250.png,Youstin Salas,Mediocampo,.png,Youstin Salas.png,Costa Rica,1.442.777.250
502,1442776021.png,Roan Wilson,Mediocampo,.png,Roan Wilson.png,Costa Rica,1.442.776.021
503,1442776697.png,Gerson Torres,Mediocampo,.png,Gerson Torres.png,Costa Rica,1.442.776.697
504,1442776839.png,Douglas López,Mediocampo,.png,Douglas López.png,Costa Rica,1.442.776.839
505,1442776774.png,Jewison Bennette,Mediocampo,.png,Jewison Bennette.png,Costa Rica,1.442.776.774
506,1442776092.png,Álvaro Zamora,Mediocampo,.png,Álvaro Zamora.png,Costa Rica,1.442.776.092
507,1442776056.png,Anthony Hernández,Mediocampo,.png,Anthony Hernández.png,Costa Rica,1.442.776.056
508,1442777487.png,Brandon Aguilera,Mediocampo,.png,Brandon Aguilera.png,Costa Rica,1.442.777.487
509,1442777538.png,Bryan Ruiz,Mediocampo,.png,Bryan Ruiz.png,Costa Rica,1.442.777.538
510,1442777459.png,Joel Campbell,Delantero,.png,Joel Campbell.png,Costa Rica,1.442.777.459
511,1442776757.png,Anthony Contreras,Delantero,.png,Anthony Contreras.png,Costa Rica,1.442.776.757
512,1442777356.png,Johan Venegas,Delantero,.png,Johan Venegas.png,Costa Rica,1.442.777.356
513,1442774930.png,DT Fernando Suárez,DT,.png,DT Fernando Suárez Guzman.png,Costa Rica,1.442.774.930
514,1442833831.png,Dominik Livaković,Portero,.png,Dominik Livaković.png,Croatia,1.442.833.831
515,1442833881.png,Ivo GRBIC,Portero,.png,Ivo GRBIC.png,Croatia,1.442.833.881
516,1442833849.png,Ivica IVUSIC,Portero,.png,Ivica IVUSIC.png,Croatia,1.442.833.849
517,1442834167.png,Josip Juranović,Defensa,.png,Josip Juranović.png,Croatia,1.442.834.167
518,1442834883.png,Josip Stanišić,Defensa,.png,Josip Stanišić.png,Croatia,1.442.834.883
519,1442834935.png,Josip Šutalo,Defensa,.png,Josip Šutalo.png,Croatia,1.442.834.935
520,1442834258.png,Joško Gvardiol,Defensa,.png,Joško Gvardiol.png,Croatia,1.442.834.258
521,1442834365.png,Martin Erlic,Defensa,.png,Martin Erlic.png,Croatia,1.442.834.365
522,1442835060.png,Domagoj Vida,Defensa,.png,Domagoj Vida.png,Croatia,1.442.835.060
523,1442834133.png,Borna Barišić,Defensa,.png,Borna Barišić.png,Croatia,1.442.834.133
524,1442834343.png,Borna Sosa,Defensa,.png,Borna Sosa.png,Croatia,1.442.834.343
525,1442835013.png,Bruno Petković,Delantero,.png,Bruno Petković.png,Croatia,1.442.835.013
526,1442834061.png,Dejan Lovren,Defensa,.png,Dejan Lovren.png,Croatia,1.442.834.061
527,1442833911.png,Lovro Majer,Mediocampo,.png,Lovro Majer.png,Croatia,1.442.833.911
528,1442835091.png,Luka Modrić,Mediocampo,.png,Luka Modrić.png,Croatia,1.442.835.091
529,1442835048.png,Marcelo Brozović,Mediocampo,.png,Marcelo Brozović.png,Croatia,1.442.835.048
530,1442835025.png,Mateo Kovačić,Mediocampo,.png,Mateo Kovačić.png,Croatia,1.442.835.025
531,1442834948.png,Luka Sucic,Mediocampo,.png,Luka Sucic.png,Croatia,1.442.834.948
532,1442834160.png,Mario Pašalić,Delantero,.png,Mario Pašalić.png,Croatia,1.442.834.160
533,1442834913.png,Andrej Kramarić,Delantero,.png,Andrej Kramarić.png,Croatia,1.442.834.913
534,1442834235.png,Kristijan Jakić,Delantero,.png,Kristijan Jakić.png,Croatia,1.442.834.235
535,1442834999.png,Marko Livaja,Delantero,.png,Marko Livaja.png,Croatia,1.442.834.999
536,1442834297.png,Mislav Oršić,Delantero,.png,Mislav Oršić.png,Croatia,1.442.834.297
537,1442834984.png,Nikola Vlašić,Delantero,.png,Nikola Vlašić.png,Croatia,1.442.834.984
538,1442835074.png,Ivan Perišić,Delantero,.png,Ivan Perišić.png,Croatia,1.442.835.074
539,1442834215.png,Ante Budimir,Delantero,.png,Ante Budimir.png,Croatia,1.442.834.215
540,1442833688.png,DT Ziako Dalić ,DT,.png,DT Ziako Dalić .png,Croatia,1.442.833.688
541,1441895603.png,Alireza Beiranvand,Portero,.png,Alireza Beiranvand.png,Iran,1.441.895.603
542,1441895723.png,Amir Abedzadeh,Portero,.png,Amir Abedzadeh.png,Iran,1.441.895.723
543,1441895656.png,Hossein Hosseini,Portero,.png,Hossein Hosseini.png,Iran,1.441.895.656
544,1441895551.png,Payam Niazmand,Portero,.png,Payam Niazmand.png,Iran,1.441.895.551
545,1441896163.png,Majid Hosseini,Defensa,.png,Majid Hosseini.png,Iran,1.441.896.163
546,1441895762.png,Hossein Kanaani,Defensa,.png,Hossein Kanaani.png,Iran,1.441.895.762
547,1441895856.png,Shoja Khalilzadeh,Defensa,.png,Shoja Khalilzadeh.png,Iran,1.441.895.856
548,1441896101.png,Morteza Pouraliganji,Defensa,.png,Morteza Pouraliganji.png,Iran,1.441.896.101
549,1441896039.png,Sadegh Moharrami,Defensa,.png,Sadegh Moharrami.png,Iran,1.441.896.039
550,1441897280.png,Milad Mohammadi,Defensa,.png,Milad Mohammadi.png,Iran,1.441.897.280
551,1441895976.png,Ehsan Haji Safi,Defensa,.png,Ehsan Haji Safi.png,Iran,1.441.895.976
552,1441895813.png,Ramin Rezaeian,Defensa,.png,Ramin Rezaeian.png,Iran,1.441.895.813
553,1441897098.png,Abolfazl Jalali,Defensa,.png,Abolfazl Jalali.png,Iran,1.441.897.098
554,1441897412.png,Saeid Ezatolahi,Mediocampo,.png,Saeid Ezatolahi.png,Iran,1.441.897.412
555,1441895939.png,Ali Karimi,Mediocampo,.png,Ali Karimi.png,Iran,1.441.895.939
556,1441897340.png,Ahmad Nourollahi,Mediocampo,.png,Ahmad Nourollahi.png,Iran,1.441.897.340
557,1441896143.png,Rouzbeh Cheshmi,Mediocampo,.png,Rouzbeh Cheshmi.png,Iran,1.441.896.143
558,1441897490.png,Saman Ghoddos,Mediocampo,.png,Saman Ghoddos.png,Iran,1.441.897.490
559,1441897539.png,Vahid Amiri,Delantero,.png,Vahid Amiri.png,Iran,1.441.897.539
560,1441897773.png,Alireza Jahanbakhsh,Delantero,.png,Alireza Jahanbakhsh.png,Iran,1.441.897.773
561,1441896073.png,Ali Gholizadeh,Delantero,.png,Ali Gholizadeh.png,Iran,1.441.896.073
562,1441897578.png,Mehdi Torabi,Delantero,.png,Mehdi Torabi.png,Iran,1.441.897.578
563,1441897616.png,Sardar Azmoun,Delantero,.png,Sardar Azmoun.png,Iran,1.441.897.616
564,1441897703.png,Mehdi Taremi,Delantero,.png,Mehdi Taremi.png,Iran,1.441.897.703
565,1441897828.png,Karim Ansarifard,Delantero,.png,Karim Ansarifard.png,Iran,1.441.897.828
566,1441895449.png,DT Carlos Queiroz,DT,.png,DT Carlos Queiroz.png,Iran,1.441.895.449
567,1442266365.png,Kasper Schmeichel,Portero,.png,Kasper Schmeichel.png,Denmark,1.442.266.365
568,1442266297.png,Frederik Ronnow,Portero,.png,Frederik Ronnow.png,Denmark,1.442.266.297
569,1442266324.png,Oliver Christensen,Portero,.png,Oliver Christensen.png,Denmark,1.442.266.324
570,1442266382.png,Simon Kjaer,Defensa,.png,Simon Kjaer.png,Denmark,1.442.266.382
571,1442266732.png,Andreas Christensen,Defensa,.png,Andreas Christensen.png,Denmark,1.442.266.732
572,1442266709.png,Jens Stryger Larsen,Defensa,.png,Jens Stryger Larsen.png,Denmark,1.442.266.709
573,1442266769.png,Daniel Wass,Defensa,.png,Daniel Wass.png,Denmark,1.442.266.769
574,1442266412.png,Joakim Maehle,Defensa,.png,Joakim Maehle.png,Denmark,1.442.266.412
575,1442266519.png,Joachim Andersen,Defensa,.png,Joachim Andersen.png,Denmark,1.442.266.519
576,1442266537.png,Rasmus Kristensen,Defensa,.png,Rasmus Kristensen.png,Denmark,1.442.266.537
577,1442266887.png,Victor Nelsson,Defensa,.png,Victor Nelsson.png,Denmark,1.442.266.887
578,1442266981.png,Alexander Bah,Defensa,.png,Alexander Bah.png,Denmark,1.442.266.981
579,1442267640.png,Christian Eriksen,Mediocampo,.png,Christian Eriksen.png,Denmark,1.442.267.640
580,1442266831.png,Thomas Delaney,Mediocampo,.png,Thomas Delaney.png,Denmark,1.442.266.831
581,1442266655.png,Pierre-Emile Hojbjerg,Mediocampo,.png,Pierre-Emile Hojbjerg.png,Denmark,1.442.266.655
582,1442267067.png,Mathias Jensen,Mediocampo,.png,Mathias Jensen.png,Denmark,1.442.267.067
583,1442267001.png,Christian Norgaard,Mediocampo,.png,Christian Norgaard.png,Denmark,1.442.267.001
584,1442267629.png,Yussuf Poulsen,Delantero,.png,Yussuf Poulsen.png,Denmark,1.442.267.629
585,1442267611.png,Martin Braithwaite,Delantero,.png,Martin Braithwaite.png,Denmark,1.442.267.611
586,1442266858.png,Andreas Cornelius,Delantero,.png,Andreas Cornelius.png,Denmark,1.442.266.858
587,1442266793.png,Kasper Dolberg,Delantero,.png,Kasper Dolberg.png,Denmark,1.442.266.793
588,1442266453.png,Andreas Skov Olsen,Delantero,.png,Andreas Skov Olsen.png,Denmark,1.442.266.453
589,1442266493.png,Mikkel Damsgaard,Delantero,.png,Mikkel Damsgaard.png,Denmark,1.442.266.493
590,1442266963.png,Jonas Wind,Delantero,.png,Jonas Wind.png,Denmark,1.442.266.963
591,1442267041.png,Robert Skov,Delantero,.png,Robert Skov.png,Denmark,1.442.267.041
592,1442266434.png,Jesper Lindstrom,Delantero,.png,Jesper Lindstrom.png,Denmark,1.442.266.434
593,1442266237.png,DT Kasper Hjulmand,DT,.png,DT Kasper Hjulmand.png,Denmark,1.442.266.237
594,1442523774.png,Kamil Grabara,Portero,.png,Kamil Grabara*.png,Poland,1.442.523.774
595,1442523938.png,Łukasz Skorupski,Portero,.png,Łukasz Skorupski.png,Poland,1.442.523.938
596,1442522727.png,Wojciech Szczęsny,Portero,.png,Wojciech Szczęsny.png,Poland,1.442.522.727
597,1442525792.png,Robert Gumny,Defensa,.png,Robert Gumny.png,Poland,1.442.525.792
598,1442528548.png,Nicola Zalewski,Defensa,.png,Nicola Zalewski.png,Poland,1.442.528.548
599,1442525075.png,Jan Bednarek,Defensa,.png,Jan Bednarek.png,Poland,1.442.525.075
600,1442525121.png,Bartosz Bereszyński,Defensa,.png,Bartosz Bereszyński.png,Poland,1.442.525.121
601,1442524978.png,Kamil Glik,Defensa,.png,Kamil Glik.png,Poland,1.442.524.978
602,1442525370.png,Matty Cash,Defensa,.png,Matty Cash.png,Poland,1.442.525.370
603,1442528096.png,Mateusz Wieteska,Defensa,.png,Mateusz Wieteska.png,Poland,1.442.528.096
604,1442527457.png,Jakub Kiwior,Defensa,.png,Jakub Kiwior.png,Poland,1.442.527.457
605,1442527379.png,Artur Jędrzejczyk,Defensa,.png,Artur Jędrzejczyk.png,Poland,1.442.527.379
606,1442525148.png,Krystian Bielik,Mediocampo,.png,Krystian Bielik.png,Poland,1.442.525.148
607,1442525453.png,Przemysław Frankowski,Mediocampo,.png,Przemysław Frankowski.png,Poland,1.442.525.453
608,1442525536.png,Kamil Grosicki,Mediocampo,.png,Kamil Grosicki.png,Poland,1.442.525.536
609,1442527538.png,Jakub Kamiński,Mediocampo,.png,Jakub Kamiński.png,Poland,1.442.527.538
610,1442524550.png,Grzegorz Krychowiak,Mediocampo,.png,Grzegorz Krychowiak.png,Poland,1.442.524.550
611,1442527857.png,Michał Skóraś,Mediocampo,.png,Michał Skóraś.png,Poland,1.442.527.857
612,1442527918.png,Damian Szymański,Mediocampo,.png,Damian Szymański.png,Poland,1.442.527.918
613,1442528061.png,Sebastian Szymański,Mediocampo,.png,Sebastian Szymański.png,Poland,1.442.527.918
614,1442525266.png,Piotr Zieliński,Mediocampo,.png,Piotr Zieliński.png,Poland,1.442.525.266
615,1442528864.png,Szymon Żurkowski,Mediocampo,.png,Szymon Żurkowski.png,Poland,1.442.528.864
616,1442524010.png,Robert Lewandowski,Delantero,.png,Robert Lewandowski.png,Poland,1.442.524.010
617,1442525034.png,Arkadiusz Milik,Delantero,.png,Arkadiusz Milik.png,Poland,1.442.525.034
618,1442527744.png,Krzysztof Piątek,Delantero,.png,Krzysztof Piątek.png,Poland,1.442.527.744
619,1442528259.png,Karol Świderski,Delantero,.png,Karol Świderski.png,Poland,1.442.528.259
620,1442522699.png,DT Czeslaw Michniewicz,DT,.png,DT Czeslaw Michniewicz.png,Poland,1.442.522.699
621,1441890376.png,Yan Sommer,Portero,.png,Yan Sommer.png,Switzerland,1.441.890.376
622,1441891522.png,Jonas Omlin,Portero,.png,Jonas Omlin.png,Switzerland,1.441.891.522
623,1441890332.png,Gregor Kobel,Portero,.png,Gregor Kobel.png,Switzerland,1.441.890.332
624,1441890363.png,Philipp Köhn,Portero,.png,Philipp Köhn.png,Switzerland,1.441.890.363
625,1441891668.png,Ricardo Rodriguez,Defensa,.png,Ricardo Rodriguez.png,Switzerland,1.441.891.668
626,1441891589.png,Fabian Schar,Defensa,.png,Fabian Schar.png,Switzerland,1.441.891.589
627,1441890533.png,Manuel Akanji,Defensa,.png,Manuel Akanji.png,Switzerland,1.441.890.533
628,1441890920.png,Nico Elvedi,Defensa,.png,Nico Elvedi.png,Switzerland,1.441.890.920
629,1441891348.png,Silvan Widmer,Defensa,.png,Silvan Widmer.png,Switzerland,1.441.891.348
630,1441891300.png,Eray Comert,Defensa,.png,Eray Comert.png,Switzerland,1.441.891.300
631,1441890848.png,Xherdan Shaqiri,Mediocampo,.png,Xherdan Shaqiri.png,Switzerland,1.441.890.848
632,1441890746.png,Granit Xhaka,Mediocampo,.png,Granit Xhaka.png,Switzerland,1.441.890.746
633,1441890500.png,Remo Freuler,Mediocampo,.png,Remo Freuler.png,Switzerland,1.441.890.500
634,1441890606.png,Denis Zakaria,Mediocampo,.png,Denis Zakaria.png,Switzerland,1.441.890.606
635,1441891481.png,Djibril Sow,Mediocampo,.png,Djibril Sow.png,Switzerland,1.441.891.481
636,1441891378.png,Renato Steffen,Mediocampo,.png,Renato Steffen.png,Switzerland,1.441.891.378
637,1441891567.png,Fabian Frei,Mediocampo,.png,Fabian Frei.png,Switzerland,1.441.891.567
638,1441891019.png,Michel Aebischer,Mediocampo,.png,Michel Aebischer.png,Switzerland,1.441.891.019
639,1441891145.png,Ardon Jashari,Mediocampo,.png,Ardon Jashari.png,Switzerland,1.441.891.145
640,1441891440.png,Edimilson Fernandes,Mediocampo,.png,Edimilson Fernandes.png,Switzerland,1.441.891.440
641,1441891070.png,Fabian Rieder,Mediocampo,.png,Fabian Rieder.png,Switzerland,1.441.891.070
642,1441890438.png,Haris Seferovic,Delantero,.png,Haris Seferovic.png,Switzerland,1.441.890.438
643,1441890674.png,Breel Embolo,Delantero,.png,Breel Embolo.png,Switzerland,1.441.890.674
644,1441891203.png,Ruben Vargas,Delantero,.png,Ruben Vargas.png,Switzerland,1.441.891.203
645,1441891254.png,Noah Okafor,Delantero,.png,Noah Okafor.png,Switzerland,1.441.891.254
646,1441891103.png,Christian Fassnacht,Delantero,.png,Christian Fassnacht.png,Switzerland,1.441.891.103
647,1441888229.png,DT Murat Yakin,DT,.png,DT Murat Yakin.png,Switzerland,1.441.888.229
648,1443089355.png,Vanja Milinković-Savić,Portero,.png,Vanja Milinković-Savić.png,Serbia,1.443.089.355
649,1443089199.png,Predrag Rajkovic,Portero,.png,Predrag Rajkovic.png,Serbia,1.443.089.199
650,1443089079.png,Marko Dmitrovic,Portero,.png,Marko Dmitrovic.png,Serbia,1.443.089.079
651,1443090591.png,Milos Veljkovic,Defensa,.png,Milos Veljkovic.png,Serbia,1.443.090.591
652,1443091627.png,Strahinja Pavlovic,Defensa,.png,Strahinja Pavlovic.png,Serbia,1.443.091.627
653,1443090789.png,Strahinja Erakovic,Defensa,.png,Strahinja Erakovic.png,Serbia,1.443.090.789
654,1443090546.png,Nikola Milenkovic,Defensa,.png,Nikola Milenkovic.png,Serbia,1.443.090.546
655,1443090367.png,Stefan Mitrovic,Defensa,.png,Stefan Mitrovic.png,Serbia,1.443.090.367
656,1443090458.png,Filip Mladenovic,Defensa,.png,Filip Mladenovic.png,Serbia,1.443.090.458
657,1443090888.png,Srdjan Babic,Defensa,.png,Srdjan Babic.png,Serbia,1.443.090.888
658,1443090692.png,Nemanja Gudelj,Mediocampo,.png,Nemanja Gudelj.png,Serbia,1.443.090.692
659,1443091650.png,Sergej Milinković-Savić,Mediocampo,.png,Sergej Milinković-Savić.png,Serbia,1.443.091.650
660,1443091665.png,Sasa Lukic,Mediocampo,.png,Sasa Lukic.png,Serbia,1.443.091.665
661,1443091702.png,Filip Kostic,Mediocampo,.png,Filip Kostic.png,Serbia,1.443.091.702
662,1443090941.png,Uros Racic,Mediocampo,.png,Uros Racic.png,Serbia,1.443.090.941
663,1443091678.png,Ivan Ilic,Mediocampo,.png,Ivan Ilic.png,Serbia,1.443.091.678
664,1443091019.png,Andrija Zivkovic,Mediocampo,.png,Andrija Zivkovic.png,Serbia,1.443.091.019
665,1443091601.png,Darko Lazovic,Mediocampo,.png,Darko Lazovic.png,Serbia,1.443.091.601
666,1443090980.png,Nemanja Maksimovic,Mediocampo,.png,Nemanja Maksimovic.png,Serbia,1.443.090.980
667,1443091557.png,Marko Grujic,Mediocampo,.png,Marko Grujic.png,Serbia,1.443.091.557
668,1443091713.png,Aleksandar Mitrovic,Delantero,.png,Aleksandar Mitrovic.png,Serbia,1.443.091.713
669,1443090299.png,Filip Djuricic,Delantero,.png,Filip Djuricic.png,Serbia,1.443.090.299
670,1443089628.png,Nemanja Radonjic,Delantero,.png,Nemanja Radonjic.png,Serbia,1.443.089.628
671,1443091685.png,Luka Jovic,Delantero,.png,Luka Jovic.png,Serbia,1.443.091.685
672,1443089559.png,Dusan Tadic,Delantero,.png,Dusan Tadic.png,Serbia,1.443.089.559
673,1443089493.png,Dusan Vlahovic,Delantero,.png,Dusan Vlahovic.png,Serbia,1.443.089.493
674,1443089029.png,DT Dragan Stojkovic,DT,.png,DT Dragan Stojkovic.png,Serbia,1.443.089.029
675,1442260422.png,Edouard Mendy,Portero,.png,Edouard Mendy.png,Senegal,1.442.260.422
676,1442260322.png,Alfred Gomis,Portero,.png,Alfred Gomis.png,Senegal,1.442.260.322
677,1442259959.png,Seny Dieng ,Portero,.png,Seny Dieng .png,Senegal,1.442.259.959
678,1442260687.png,Kalidou Koulibaly,Defensa,.png,Kalidou Koulibaly.png,Senegal,1.442.260.687
679,1442261725.png,Pape Abou Cisse,Defensa,.png,Pape Abou Cisse.png,Senegal,1.442.261.725
680,1442262267.png,Abdou Diallo ,Defensa,.png,Abdou Diallo .png,Senegal,1.442.262.267
681,1442262093.png,Fodé Ballo-Touré,Defensa,.png,Fodé Ballo-Touré.png,Senegal,1.442.262.093
682,1442262130.png,Formose Mendy,Defensa,.png,Formose Mendy.png,Senegal,1.442.262.130
683,1442260564.png,Ismail Jakobs,Defensa,.png,Ismail Jakobs.png,Senegal,1.442.260.564
684,1442262207.png,Youssouf Sabaly,Defensa,.png,Youssouf Sabaly.png,Senegal,1.442.262.207
685,1443611101.png,Moussa N'Diaye,Defensa,.png,Moussa N'Diaye.png,Senegal,1.443.611.101
686,1442261952.png,Idrissa Gana Gueye,Mediocampo,.png,Idrissa Gana Gueye.png,Senegal,1.442.261.952
687,1442261124.png,Cheikhou Kouyaté,Mediocampo,.png,Cheikhou Kouyaté.png,Senegal,1.442.261.124
688,1442261400.png,Nampalys Mendy,Mediocampo,.png,Nampalys Mendy.png,Senegal,1.442.261.400
689,1442262151.png,Pape Gueye ,Mediocampo,.png,Pape Gueye .png,Senegal,1.442.262.151
690,1442261956.png,Pape Matar Sarr,Mediocampo,.png,Pape Matar Sarr.png,Senegal,1.442.261.956
691,1442261797.png,Mamadou Loum N'Diaye,Mediocampo,.png,Mamadou Loum N'Diaye.png,Senegal,1.442.261.797
692,1442261873.png,Moustapha Name,Mediocampo,.png,Moustapha Name.png,Senegal,1.442.261.873
693,1442260621.png,Pathe Ciss,Mediocampo,.png,Pathe Ciss.png,Senegal,1.442.260.621
694,1442261894.png,Ismalia Sarr,Delantero,.png,Ismalia Sarr.png,Senegal,1.442.261.894
695,1442261921.png,Boulaye Dia,Delantero,.png,Boulaye Dia.png,Senegal,1.442.261.921
696,1442261832.png,Bamba Dieng,Delantero,.png,Bamba Dieng.png,Senegal,1.442.261.832
697,1442261597.png,Iliman Ndiaye,Delantero,.png,Iliman Ndiaye.png,Senegal,1.442.261.597
698,1442261639.png,Famara Diedhou,Delantero,.png,Famara Diedhou.png,Senegal,1.442.261.639
699,1442261313.png,Krepin Diatta ,Delantero,.png,Krepin Diatta .png,Senegal,1.442.261.313
700,1442262169.png,Nicolas Jackson,Delantero,.png,Nicolas Jackson.png,Senegal,1.442.262.169
701,DT Aliou Cissé.png,DT Aliou Cissé,DT,.png,DT Aliou Cissé.png,Senegal,1.42.4444
702,1442513531.png,Aymen Dahmen,Portero,.png,Aymen Dahmen.png,Tunisia,1.442.513.531
703,1442513745.png,Mouez Hasen,Portero,.png,Mouez Hasen.png,Tunisia,1.442.513.745
704,1442513465.png,Balbouli,Portero,.png,Balbouli.png,Tunisia,1.442.513.465
705,1442513690.png,Bechir Ben Said,Portero,.png,Bechir Ben Said.png,Tunisia,1.442.513.690
706,1442514989.png,Mohamed Drager,Defensa,.png,Mohamed Drager.png,Tunisia,1.442.514.989
707,1442514045.png,Wajdi Kechrida,Defensa,.png,Wajdi Kechrida.png,Tunisia,1.442.514.045
708,1442513910.png,Bilel Ifa,Defensa,.png,Bilel Ifa.png,Tunisia,1.442.513.910
709,1442515148.png,Montassar Talbi,Defensa,.png,Montassar Talbi.png,Tunisia,1.442.515.148
710,1442513827.png,Dylan Bronn,Defensa,.png,Dylan Bronn.png,Tunisia,1.442.513.827
711,1442515239.png,Yassine Meriah,Defensa,.png,Yassine Meriah.png,Tunisia,1.442.515.239
712,1442513985.png,Nader Ghandri,Defensa,.png,Nader Ghandri.png,Tunisia,1.442.513.985
713,1442514969.png,Ali Maaloul,Defensa,.png,Ali Maaloul.png,Tunisia,1.442.514.969
714,1442514025.png,Ali Abdi,Defensa,.png,Ali Abdi.png,Tunisia,1.442.514.025
715,1442513770.png,Ellyes Skhiri,Mediocampo,.png,Ellyes Skhiri.png,Tunisia,1.442.513.770
716,1442514798.png,Aissa Laidouni,Mediocampo,.png,Aissa Laidouni.png,Tunisia,1.442.514.798
717,1442515055.png,Ferjani Sassi,Mediocampo,.png,Ferjani Sassi.png,Tunisia,1.442.515.055
718,1442514225.png,Ghailene Chaalali,Mediocampo,.png,Ghailene Chaalali.png,Tunisia,1.442.514.225
719,1442514774.png,Mohamed Ali Ben Romdhane,Mediocampo,.png,Mohamed Ali Ben Romdhane.png,Tunisia,1.442.514.774
720,1442513963.png,Hannibal Mejbri,Mediocampo,.png,Hannibal Mejbri.png,Tunisia,1.442.513.963
721,1442514129.png,Seifeddine Jaziri,Delantero,.png,Seifeddine Jaziri.png,Tunisia,1.442.514.129
722,1442515031.png,Naim Sliti,Delantero,.png,Naim Sliti.png,Tunisia,1.442.515.031
723,1442514885.png,Taha Yassine Khenissi,Delantero,.png,Taha Yassine Khenissi.png,Tunisia,1.442.514.885
724,1442514104.png,Anis Ben Slimane,Delantero,.png,Anis Ben Slimane.png,Tunisia,1.442.514.104
725,1442514856.png,Issam Jebali,Delantero,.png,Issam Jebali.png,Tunisia,1.442.514.856
726,1442513861.png,Wahbi Khazri,Delantero,.png,Wahbi Khazri.png,Tunisia,1.442.513.861
727,1442515172.png,Youssef Msakni,Delantero,.png,Youssef Msakni.png,Tunisia,1.442.515.172
728,1442513366.png,DT Halel Kadri,DT,.png,DT Halel Kadri.png,Tunisia,1.442.513.366
729,1442844652.png,James Pantemis,Portero,.png,James Pantemis.png,Canada,1.442.844.652
730,1442844750.png,Milan Borjan,Portero,.png,Milan Borjan.png,Canada,1.442.844.750
731,1442844606.png,Dayne St. Clair,Portero,.png,Dayne St. Clair.png,Canada,1.442.844.606
732,1442847523.png,Samuel Adekugbe,Defensa,.png,Samuel Adekugbe.png,Canada,1.442.847.523
733,1442846218.png,Joel Waterman,Defensa,.png,Joel Waterman.png,Canada,1.442.846.218
734,1442846604.png,Alistair Johnston,Defensa,.png,Alistair Johnston.png,Canada,1.442.846.604
735,1442846719.png,Richie Laryea,Defensa,.png,Richie Laryea.png,Canada,1.442.846.719
736,1442846594.png,Kamal Miller,Defensa,.png,Kamal Miller.png,Canada,1.442.846.594
737,1442844930.png,Steven Vitoria,Defensa,.png,Steven Vitoria.png,Canada,1.442.844.930
738,1442844963.png,Derek Cornelius,Defensa,.png,Derek Cornelius.png,Canada,1.442.844.963
739,1442845354.png,Liam Fraser,Mediocampo,.png,Liam Fraser.png,Canada,1.442.845.354
740,1442846452.png,Ismael Koné,Mediocampo,.png,Ismael Koné.png,Canada,1.442.846.452
741,1442845181.png,Mark Anthony Kaye,Mediocampo,.png,Mark Anthony Kaye.png,Canada,1.442.845.181
742,1442847605.png,David Wotherspoon,Mediocampo,.png,David Wotherspoon.png,Canada,1.442.847.605
743,1442846685.png,Jonathan Osorio,Mediocampo,.png,Jonathan Osorio.png,Canada,1.442.846.685
744,1442845134.png,Atiba Hutchinson,Mediocampo,.png,Atiba Hutchinson.png,Canada,1.442.845.134
745,1442846614.png,Stephen Eustaquio,Mediocampo,.png,Stephen Eustaquio.png,Canada,1.442.846.614
746,1442846752.png,Samuel Piette,Mediocampo,.png,Samuel Piette.png,Canada,1.442.846.752
747,1442846654.png,Liam Millar,Delantero,.png,Liam Millar.png,Canada,1.442.846.654
748,1442846585.png,Lucas Cavallini,Delantero,.png,Lucas Cavallini.png,Canada,1.442.846.585
749,1442845483.png,Ike Ugbo,Delantero,.png,Ike Ugbo.png,Canada,1.442.845.483
750,1442846559.png,Tajon Buchanan,Delantero,.png,Tajon Buchanan.png,Canada,1.442.846.559
751,1442844823.png,Jonathan David,Delantero,.png,Jonathan David.png,Canada,1.442.844.823
752,1442845035.png,Cyle Larin,Delantero,.png,Cyle Larin.png,Canada,1.442.845.035
753,1442847715.png,Alphonso Davies,Delantero,.png,Alphonso Davies.png,Canada,1.442.847.715
754,1442846791.png,Junior Hoilett,Delantero,.png,Junior Hoilett.png,Canada,1.442.846.791
755,1442844030.png,DT John Herdman,DT,.png,DT John Herdman.png,Canada,1.442.844.030
756,1441720667.png,Ethan Horvat,Portero,.png,Ethan Horvat.png,United States,1.441.720.667
757,1441720740.png,Sean Johnson,Portero,.png,Sean Johnson.png,United States,1.441.720.740
758,1441720646.png,Matt Turner,Portero,.png,Matt Turner.png,United States,1.441.720.646
759,1441722845.png,Cameron Carter-Vickers,Defensa,.png,Cameron Carter-Vickers.png,United States,1.441.722.845
760,1441732428.png,Sergiño Dest,Defensa,.png,Sergiño Dest.png,United States,1.441.732.428
761,1441721745.png,Aaron Long,Defensa,.png,Aaron Long.png,United States,1.441.721.745
762,1441722964.png,Shaq Moore,Defensa,.png,Shaq Moore.png,United States,1.441.722.964
763,1441722139.png,Tim Ream,Defensa,.png,Tim Ream.png,United States,1.441.722.139
764,1441732497.png,Antonee Robinson,Defensa,.png,Antonee Robinson.png,United States,1.441.732.497
765,1441723462.png,Joe Scally,Defensa,.png,Joe Scally.png,United States,1.441.723.462
766,1441723406.png,DeAndre Yedlin,Defensa,.png,DeAndre Yedlin.png,United States,1.441.723.406
767,1441723317.png,Walker Zimmerman,Defensa,.png,Walker Zimmerman.png,United States,1.441.723.317
768,1441723033.png,Brenden Aaronson,Mediocampo,.png,Brenden Aaronson.png,United States,1.441.723.033
769,1441721412.png,Kellyn Acosta,Mediocampo,.png,Kellyn Acosta.png,United States,1.441.721.412
770,1441722078.png,Tyler Adams,Mediocampo,.png,Tyler Adams.png,United States,1.441.722.078
771,1441723161.png,Luca de la Torre,Mediocampo,.png,Luca de la Torre.png,United States,1.441.723.161
772,1441722790.png,Weston McKennie,Mediocampo,.png,Weston McKennie.png,United States,1.441.722.790
773,1441721484.png,Yunus Musah,Mediocampo,.png,Yunus Musah.png,United States,1.441.721.484
774,1441723283.png,Cristian Roldan,Mediocampo,.png,Cristian Roldan.png,United States,1.441.723.283
775,1441723343.png,Jesús Ferreira,Delantero,.png,Jesús Ferreira.png,United States,1.441.723.343
776,1441722238.png,Jordan Morris,Delantero,.png,Jordan Morris.png,United States,1.441.722.238
777,1441721640.png,Christian Pulisic,Delantero,.png,Christian Pulisic.png,United States,1.441.721.640
778,1441723620.png,Gio Reyna,Delantero,.png,Gio Reyna.png,United States,1.441.723.620
779,1441732346.png,Josh Sargent,Delantero,.png,Josh Sargent.png,United States,1.441.732.346
780,1441723369.png,Tim Weah,Delantero,.png,Tim Weah.png,United States,1.441.723.369
781,1441723126.png,Haji Wright,Delantero,.png,Haji Wright.png,United States,1.441.723.126
782,1441720508.png,DT Gregg Berhalter,DT,.png,DT Gregg Berhalter.png,United States,1.441.720.508
783,1442232958.png,Hugo Lloris,Portero,.png,Hugo Lloris.png,France,"1,442,232,958"
784,1442233046.png,Steve Mandanda,Portero,.png,Steve Mandanda.png,France,"1,442,233,046"
785,1442232994.png,Alphonse Aréola,Portero,.png,Alphonse Aréola.png,France,"1,442,232,994"
786,1442234000.png,Raphael Varane,Defensa,.png,Raphael Varane.png,France,"1,442,234,000"
787,1442233625.png,Jules Koundé,Defensa,.png,Jules Koundé.png,France,"1,442,233,625"
788,1442233207.png,Theo Hernández,Defensa,.png,Theo Hernández.png,France,"1,442,233,207"
789,1442233458.png,Dayot Upamecano,Defensa,.png,Dayot Upamecano.png,France,"1,442,233,458"
790,1442233694.png,Ibrahima Konaté,Defensa,.png,Ibrahima Konaté.png,France,"1,442,233,694"
791,1442233372.png,Axel Disasi,Defensa,.png,Axel Disasi.png,France,"1,442,233,372"
792,1442233272.png,William Saliba,Defensa,.png,William Saliba.png,France,"1,442,233,272"
793,1442233170.png,Benjamin Pavard,Defensa,.png,Benjamin Pavard.png,France,"1,442,233,170"
794,1442233076.png,Lucas Hernández,Defensa,.png,Lucas Hernández.png,France,"1,442,233,076"
795,1442233249.png,Eduardo Camavinga,Mediocampo,.png,Eduardo Camavinga.png,France,"1,442,233,249"
796,1442233818.png,Aurélien Tchouaméni,Mediocampo,.png,Aurélien Tchouaméni.png,France,"1,442,233,818"
797,1442233766.png,Kingsley Coman,Mediocampo,.png,Kingsley Coman.png,France,"1,442,233,766"
798,1442233546.png,Adrien Rabiot,Mediocampo,.png,Adrien Rabiot.png,France,"1,442,233,546"
799,1442233324.png,Youssouf Fofana,Mediocampo,.png,Youssouf Fofana.png,France,"1,442,233,324"
800,1442233410.png,Mattéo Guendouzi,Mediocampo,.png,Mattéo Guendouzi.png,France,"1,442,233,410"
801,1442233735.png,Jordan Veretout,Mediocampo,.png,Jordan Veretout.png,France,"1,442,233,735"
802,1442234453.png,Kylian Mbappé,Delantero,.png,Kylian Mbappé.png,France,"1,442,234,453"
803,1442234382.png,Antoine Griezmann,Delantero,.png,Antoine Griezmann.png,France,"1,442,234,382"
804,1442233954.png,Ousmane Dembélé,Delantero,.png,Ousmane Dembélé.png,France,"1,442,233,954"
805,1442234094.png,Olivier Giroud,Delantero,.png,Olivier Giroud.png,France,"1,442,234,094"
806,Empty-field.png,Marcus Thuram,Delantero,.png,Marcus Thuram.png,France,Empty-field
807,1442233129.png,Randal Kolo Muani,Delantero,.png,Randal Kolo Muani.png,France,"1,442,233,129"
808,1442232928.png,DT Didier Deschamps,DT,.png,DT Didier Deschamps.png,France,"1,442,232,928"
809,1442167741.png,Justin Bijlow,Portero,.png,Justin Bijlow.png,Netherlands,"1,442,167,741"
810,1442167721.png,Andries Noppert,Portero,.png,Andries Noppert.png,Netherlands,"1,442,167,721"
811,1442167764.png,Remko Pasveer,Portero,.png,Remko Pasveer.png,Netherlands,"1,442,167,764"
812,1442167854.png,Nathan Aké,Defensa,.png,Nathan Aké.png,Netherlands,"1,442,167,854"
813,1442168748.png,Virgil van Dijk,Defensa,.png,Virgil van Dijk.png,Netherlands,"1,442,168,748"
814,1442170689.png,Jeremie Frimpong,Defensa,.png,Jeremie Frimpong.png,Netherlands,"1,442,170,689"
815,1442168641.png,Stefan de Vrij,Defensa,.png,Stefan de Vrij.png,Netherlands,"1,442,168,641"
816,1442167801.png,Daley Blind,Defensa,.png,Daley Blind.png,Netherlands,"1,442,167,801"
817,1442168832.png,Matthijs de Ligt,Defensa,.png,Matthijs de Ligt.png,Netherlands,"1,442,168,832"
818,1442170292.png,Tyrell Malacia,Defensa,.png,Tyrell Malacia.png,Netherlands,"1,442,170,292"
819,1442169429.png,Jurrien Timber,Defensa,.png,Jurrien Timber.png,Netherlands,"1,442,169,429"
820,1442168943.png,Denzel Dumfries,Defensa,.png,Denzel Dumfries.png,Netherlands,"1,442,168,943"
821,1442168774.png,Frenkie De Jong,Mediocampo,.png,Frenkie De Jong.png,Netherlands,"1,442,168,774"
822,1442169078.png,Davy Klaassen,Mediocampo,.png,Davy Klaassen.png,Netherlands,"1,442,169,078"
823,1442169724.png,Xavi Simons,Mediocampo,.png,Xavi Simons.png,Netherlands,"1,442,169,724"
824,1442168488.png,Steven Berghuis,Mediocampo,.png,Steven Berghuis.png,Netherlands,"1,442,168,488"
825,1442170937.png,Marten de Roon,Mediocampo,.png,Marten de Roon.png,Netherlands,"1,442,170,937"
826,1442168535.png,Kenneth Taylor,Mediocampo,.png,Kenneth Taylor.png,Netherlands,"1,442,168,535"
827,1442170434.png,Teun Koopmeiners,Mediocampo,.png,Teun Koopmeiners.png,Netherlands,"1,442,170,434"
828,1442170870.png,Memphis Depay,Delantero,.png,Memphis Depay.png,Netherlands,"1,442,170,870"
829,1442169262.png,Steven Bergwijn,Delantero,.png,Steven Bergwijn.png,Netherlands,"1,442,169,262"
830,1442169219.png,Cody Gakpo,Delantero,.png,Cody Gakpo.png,Netherlands,"1,442,169,219"
831,1442168685.png,Wout Weghorst,Delantero,.png,Wout Weghorst.png,Netherlands,"1,442,168,685"
832,1442171035.png,Vincent Janssen,Delantero,.png,Vincent Janssen.png,Netherlands,"1,442,171,035"
833,1442170376.png,Luuk de Jong,Delantero,.png,Luuk de Jong.png,Netherlands,"1,442,170,376"
834,1442169512.png,Noa Lang,Delantero,.png,Noa Lang.png,Netherlands,"1,442,169,512"
835,1442167557.png,DT Louis van Gaal,DT,.png,DT Louis van Gaal.png,Netherlands,"1,442,167,557"
836,1443094166.png,Lawrence Ati Zigi,Portero,.png,Lawrence Ati Zigi.png,Ghana,"1,443,094,166"
837,1443094288.png,Abdul Manaf Nurudeen,Portero,.png,Abdul Manaf Nurudeen.png,Ghana,"1,443,094,288"
838,1443094377.png,Ibrahim Danlad,Portero,.png,Ibrahim Danlad.png,Ghana,"1,443,094,377"
839,1443098558.png,Tariq Lamptey,Defensa,.png,Tariq Lamptey.png,Ghana,"1,443,098,558"
840,1443098348.png,Alidu Seidu,Defensa,.png,Alidu Seidu.png,Ghana,"1,443,098,348"
841,1443098545.png,Alexander Djiku,Defensa,.png,Alexander Djiku.png,Ghana,"1,443,098,545"
842,1443098389.png,Gideon Mensah,Defensa,.png,Gideon Mensah.png,Ghana,"1,443,098,389"
843,1443097732.png,Dennis Odoi,Defensa,.png,Dennis Odoi.png,Ghana,"1,443,097,732"
844,1443098255.png,Daniel Amartey,Defensa,.png,Daniel Amartey.png,Ghana,"1,443,098,255"
845,1443098597.png,Mohammed Salisu,Defensa,.png,Mohammed Salisu.png,Ghana,"1,443,098,597"
846,1443098400.png,Joseph Aidoo,Defensa,.png,Joseph Aidoo.png,Ghana,"1,443,098,400"
847,1443096640.png,Baba Abdul Rahman,Defensa,.png,Baba Abdul Rahman.png,Ghana,"1,443,096,640"
848,1443098375.png,Andre Ayew,Mediocampo,.png,Andre Ayew.png,Ghana,"1,443,098,375"
849,1443098494.png,Mohammed Kudus,Mediocampo,.png,Mohammed Kudus.png,Ghana,"1,443,098,494"
850,1443098323.png,Abdul Fatawu Issahaku,Mediocampo,.png,Abdul Fatawu Issahaku.png,Ghana,"1,443,098,323"
851,1443095587.png,Thomas Partey,Mediocampo,.png,Thomas Partey.png,Ghana,"1,443,095,587"
852,1443094505.png,Antoine Semenyo,Mediocampo,.png,Antoine Semenyo.png,Ghana,"1,443,094,505"
853,1443094461.png,Elisha Owusu,Mediocampo,.png,Elisha Owusu.png,Ghana,"1,443,094,461"
854,1443095555.png,Sowah Kamal,Mediocampo,.png,Sowah Kamal.png,Ghana,"1,443,095,555"
855,1443097203.png,Kamaldeen Sulemana,Mediocampo,.png,Kamaldeen Sulemana.png,Ghana,"1,443,097,203"
856,1443098453.png,Daniel Kofi Kyereh,Delantero,.png,Daniel Kofi Kyereh.png,Ghana,"1,443,098,453"
857,1443096120.png,Abdul Salis Samed,Delantero,.png,Abdul Salis Samed.png,Ghana,"1,443,096,120"
858,1443095027.png,Osman Bukari,Delantero,.png,Osman Bukari.png,Ghana,"1,443,095,027"
859,1443098435.png,Daniel Afriyie Barnieh,Delantero,.png,Daniel Afriyie Barnieh.png,Ghana,"1,443,098,435"
860,1443098509.png,Iñaki Williams,Delantero,.png,Iñaki Williams.png,Ghana,"1,443,098,509"
861,1443097162.png,Jordan Ayew,Delantero,.png,Jordan Ayew.png,Ghana,"1,443,097,162"
862,1443094117.png,DT Otto Addo,DT,.png,DT Otto Addo.png,Ghana,"1,443,094,117"
